check,passed,details
Для каждой точки учтено ровно visits_per_month визитов (назначено + дефицит),True,расхождений: 0
Все визиты назначены (нет дефицита),True,"назначено 1125 из 1125, дефицит 0"
Все точки распределены по кластерам,True,без кластера: 0
Размер кластера <= 12,True,"макс. размер 12, кластеров 112"
У менеджера <= 2 кластеров в день,True,максимум 2
Точка не посещается дважды в один день,True,повторов: 0
Интервал между визитами точки >= floor(дней / visits_per_month),True,нарушений: 0
visit_day в диапазоне 1..22,True,
order_in_route — перестановка 1..n в каждом кластере,True,
Оценка дня <= 9.0 ч (информативно),False,дней сверх нормы: 6; макс. 11.97 ч
