cluster_id,manager,visit_day,cluster_seq_in_day,territory,n_points,route_km,approach_km,return_km,est_hours
M0-D01-T04,0,1,1,M0-T04,12,11.13,38.4,40.71,4.8
M1-D01-T19,1,1,1,M1-T19,12,15.39,4.03,9.57,3.58
M2-D01-T04,2,1,1,M2-T04,11,14.1,41.88,42.92,4.73
M0-D02-T01,0,2,1,M0-T01,12,26.78,43.66,64.08,5.69
M1-D02-T09,1,2,1,M1-T09,12,7.54,14.89,0.0,3.45
M1-D02-T06,1,2,2,M1-T06,12,11.48,4.79,18.95,3.7
M2-D02-T01,2,2,1,M2-T01,9,13.9,80.9,0.0,4.15
M2-D02-T00,2,2,2,M2-T00,12,12.51,1.15,77.58,4.82
M0-D03-T17,0,3,1,M0-T17,12,35.7,10.81,13.41,4.2
M1-D03-T08,1,3,1,M1-T08,8,13.04,12.21,0.0,2.5
M1-D03-T13,1,3,2,M1-T13,12,8.32,11.78,11.42,3.63
M2-D03-T02,2,3,1,M2-T02,11,20.98,186.04,189.6,10.68
M0-D04-T00,0,4,1,M0-T00,6,41.66,60.61,88.29,5.31
M1-D04-T16,1,4,1,M1-T16,12,20.4,5.59,8.6,3.69
M2-D04-T03,2,4,1,M2-T03,2,0.71,61.62,0.0,1.75
M2-D04-T05,2,4,2,M2-T05,3,4.75,15.19,47.15,2.09
M0-D05-T02,0,5,1,M0-T02,12,7.31,39.59,0.0,3.94
M0-D05-T03,0,5,2,M0-T03,12,13.91,1.89,44.76,4.21
M1-D05-T11,1,5,1,M1-T11,12,5.54,13.52,0.0,3.38
M1-D05-T10,1,5,2,M1-T10,12,4.57,1.06,13.64,3.39
M2-D05-T06,2,5,1,M2-T06,9,14.83,30.34,0.0,3.15
M2-D05-T07,2,5,2,M2-T07,12,18.76,15.5,19.89,4.08
M0-D06-T19,0,6,1,M0-T19,12,14.91,20.71,0.0,3.71
M0-D06-T18,0,6,2,M0-T18,12,7.01,0.33,28.7,3.72
M1-D06-T12,1,6,1,M1-T12,12,7.17,14.67,14.76,3.73
M2-D06-T12,2,6,1,M2-T12,12,9.98,9.76,0.0,3.39
M2-D06-T15,2,6,2,M2-T15,12,33.21,2.34,8.25,3.88
M0-D07-T11,0,7,1,M0-T11,12,9.7,12.15,0.0,3.44
M0-D07-T08,0,7,2,M0-T08,12,15.79,2.01,13.6,3.63
M1-D07-T18,1,7,1,M1-T18,12,19.53,11.68,11.91,3.86
M2-D07-T10,2,7,1,M2-T10,12,8.69,13.42,0.0,3.44
M2-D07-T08,2,7,2,M2-T08,12,8.71,1.08,19.8,3.59
M0-D08-T16,0,8,1,M0-T16,12,12.37,6.74,0.0,3.38
M0-D08-T15,0,8,2,M0-T15,12,9.01,4.23,4.95,3.36
M1-D08-T05,1,8,1,M1-T05,11,8.77,19.04,0.0,3.31
M1-D08-T07,1,8,2,M1-T07,11,9.68,5.6,18.52,3.43
M2-D08-T19,2,8,1,M2-T19,11,18.2,23.46,0.0,3.58
M2-D08-T18,2,8,2,M2-T18,12,30.1,6.58,2.71,3.79
M0-D09-T14,0,9,1,M0-T14,12,13.35,2.89,0.0,3.32
M0-D09-T10,0,9,2,M0-T10,12,18.63,4.93,6.72,3.61
M1-D09-T01,1,9,1,M1-T01,5,9.0,187.56,0.0,5.18
M1-D09-T02,1,9,2,M1-T02,10,21.2,7.79,185.28,6.79
M2-D09-T11,2,9,1,M2-T11,12,17.08,9.77,0.0,3.54
M2-D09-T09,2,9,2,M2-T09,12,16.04,3.3,15.12,3.69
M0-D10-T09,0,10,1,M0-T09,12,13.42,5.57,0.0,3.38
M0-D10-T06,0,10,2,M0-T06,12,51.49,6.36,38.36,4.92
M1-D10-T17,1,10,1,M1-T17,12,8.26,10.08,11.74,3.6
M2-D10-T14,2,10,1,M2-T14,12,9.03,8.34,0.0,3.35
M2-D10-T13,2,10,2,M2-T13,12,16.09,4.07,14.04,3.68
M0-D11-T12,0,11,1,M0-T12,12,11.46,2.9,0.0,3.29
M0-D11-T13,0,11,2,M0-T13,12,8.32,1.5,1.9,3.23
M1-D11-T14,1,11,1,M1-T14,12,8.5,11.94,0.0,3.41
M1-D11-T15,1,11,2,M1-T15,12,7.87,1.27,12.24,3.43
M2-D11-T17,2,11,1,M2-T17,12,8.64,5.26,0.0,3.28
M2-D11-T16,2,11,2,M2-T16,12,7.39,5.1,7.51,3.4
M0-D12-T04,0,12,1,M0-T04,11,7.93,38.4,42.11,4.52
M1-D12-T19,1,12,1,M1-T19,12,15.39,4.03,9.57,3.58
M2-D12-T04,2,12,1,M2-T04,10,9.5,41.88,45.21,4.43
M0-D13-T01,0,13,1,M0-T01,12,26.78,43.66,64.08,5.69
M1-D13-T06,1,13,1,M1-T06,7,6.45,16.11,0.0,2.2
M1-D13-T09,1,13,2,M1-T09,9,5.31,2.84,16.9,2.75
M2-D13-T01,2,13,1,M2-T01,9,13.9,80.9,0.0,4.15
M2-D13-T00,2,13,2,M2-T00,11,12.43,1.15,77.58,4.57
M0-D14-T07,0,14,1,M0-T07,4,6.38,114.95,0.0,3.43
M0-D14-T17,0,14,2,M0-T17,11,29.71,112.75,13.41,5.87
M1-D14-T13,1,14,1,M1-T13,8,5.41,10.64,0.0,2.32
M1-D14-T08,1,14,2,M1-T08,6,14.94,4.03,17.21,2.22
M0-D15-T00,0,15,1,M0-T00,6,41.66,60.61,0.0,3.55
M0-D15-T05,0,15,2,M0-T05,1,0.0,183.81,113.19,6.19
M1-D15-T16,1,15,1,M1-T16,7,9.55,5.59,10.31,2.26
M2-D15-T05,2,15,1,M2-T05,2,0.91,46.32,0.0,1.44
M2-D15-T03,2,15,2,M2-T03,2,0.71,15.07,62.98,2.08
M0-D16-T02,0,16,1,M0-T02,11,6.66,39.59,0.0,3.68
M0-D16-T03,0,16,2,M0-T03,11,13.43,1.89,44.76,3.95
M1-D16-T11,1,16,1,M1-T11,9,4.28,13.52,0.0,2.61
M1-D16-T10,1,16,2,M1-T10,8,3.54,1.06,13.64,2.36
M2-D16-T06,2,16,1,M2-T06,8,14.42,30.34,0.0,2.9
M2-D16-T07,2,16,2,M2-T07,11,18.2,15.5,19.89,3.82
M0-D17-T19,0,17,1,M0-T19,11,15.04,20.71,0.0,3.46
M0-D17-T18,0,17,2,M0-T18,10,5.9,0.33,28.7,3.2
M1-D17-T04,1,17,1,M1-T04,2,2.31,186.6,0.0,4.28
M1-D17-T12,1,17,2,M1-T12,4,3.13,177.11,14.74,4.9
M2-D17-T12,2,17,1,M2-T12,10,9.92,9.76,0.0,2.89
M2-D17-T15,2,17,2,M2-T15,9,29.57,2.34,8.25,3.05
M0-D18-T11,0,18,1,M0-T11,11,9.56,12.15,0.0,3.18
M0-D18-T08,0,18,2,M0-T08,12,15.26,2.35,13.6,3.62
M1-D18-T18,1,18,1,M1-T18,10,14.99,11.68,11.91,3.27
M2-D18-T10,2,18,1,M2-T10,9,6.18,13.42,0.0,2.64
M2-D18-T08,2,18,2,M2-T08,11,9.23,2.02,16.77,3.31
M0-D19-T15,0,19,1,M0-T15,8,6.97,3.43,0.0,2.21
M0-D19-T16,0,19,2,M0-T16,12,12.37,2.79,8.21,3.47
M1-D19-T05,1,19,1,M1-T05,8,8.56,19.04,0.0,2.55
M1-D19-T07,1,19,2,M1-T07,9,8.9,5.73,18.52,2.91
M2-D19-T19,2,19,1,M2-T19,10,16.38,23.46,0.0,3.3
M2-D19-T18,2,19,2,M2-T18,12,30.1,6.58,2.71,3.79
M0-D20-T14,0,20,1,M0-T14,12,13.35,2.89,0.0,3.32
M0-D20-T10,0,20,2,M0-T10,12,18.63,4.93,6.72,3.61
M1-D20-T03,1,20,1,M1-T03,4,3.65,157.02,0.0,4.21
M1-D20-T00,1,20,2,M1-T00,11,22.03,22.36,182.96,7.3
M2-D20-T11,2,20,1,M2-T11,10,14.4,9.77,0.0,2.98
M2-D20-T09,2,20,2,M2-T09,12,16.04,0.5,15.12,3.63
M0-D21-T06,0,21,1,M0-T06,11,50.56,10.51,0.0,3.97
M0-D21-T09,0,21,2,M0-T09,7,6.39,35.42,2.62,2.64
M1-D21-T17,1,21,1,M1-T17,9,7.56,10.08,11.74,2.84
M2-D21-T14,2,21,1,M2-T14,11,8.82,8.34,0.0,3.09
M2-D21-T13,2,21,2,M2-T13,11,14.39,4.07,14.04,3.4
M0-D22-T12,0,22,1,M0-T12,10,7.51,2.9,0.0,2.71
M0-D22-T13,0,22,2,M0-T13,12,8.32,1.5,1.9,3.23
M1-D22-T14,1,22,1,M1-T14,9,5.94,11.94,0.0,2.61
M1-D22-T15,1,22,2,M1-T15,5,5.11,1.27,12.17,1.62
M2-D22-T17,2,22,1,M2-T17,12,8.64,5.26,0.0,3.28
M2-D22-T16,2,22,2,M2-T16,12,7.39,5.1,7.51,3.4
