visit_day,manager,clusters,visits,km,est_hours,over_norm
1,0,1,12,90.2,4.8,False
1,1,1,12,29.0,3.58,False
1,2,1,11,98.9,4.73,False
2,0,1,12,134.5,5.69,False
2,1,2,24,57.6,7.15,False
2,2,2,21,186.0,8.97,False
3,0,1,12,59.9,4.2,False
3,1,2,20,56.8,6.13,False
3,2,1,11,396.6,10.68,True
4,0,1,6,190.6,5.31,False
4,1,1,12,34.6,3.69,False
4,2,2,5,129.4,3.84,False
5,0,2,24,107.5,8.15,False
5,1,2,24,38.3,6.77,False
5,2,2,21,99.3,7.23,False
6,0,2,24,71.7,7.43,False
6,1,1,12,36.6,3.73,False
6,2,2,24,63.5,7.27,False
7,0,2,24,53.2,7.07,False
7,1,1,12,43.1,3.86,False
7,2,2,24,51.7,7.03,False
8,0,2,24,37.3,6.74,False
8,1,2,22,61.6,6.74,False
8,2,2,23,81.0,7.37,False
9,0,2,24,46.5,6.93,False
9,1,2,15,410.8,11.97,True
9,2,2,24,61.3,7.23,False
10,0,2,24,115.2,8.3,False
10,1,1,12,30.1,3.6,False
10,2,2,24,51.6,7.03,False
11,0,2,24,26.1,6.52,False
11,1,2,24,41.8,6.84,False
11,2,2,24,33.9,6.68,False
12,0,1,11,88.4,4.52,False
12,1,1,12,29.0,3.58,False
12,2,1,10,96.6,4.43,False
13,0,1,12,134.5,5.69,False
13,1,2,16,47.6,4.95,False
13,2,2,20,186.0,8.72,False
14,0,2,15,277.2,9.3,True
14,1,2,14,52.2,4.54,False
15,0,2,7,399.3,9.74,True
15,1,1,7,25.5,2.26,False
15,2,2,4,126.0,3.52,False
16,0,2,22,106.3,7.63,False
16,1,2,17,36.0,4.97,False
16,2,2,19,98.4,6.72,False
17,0,2,21,70.7,6.66,False
17,1,2,6,383.9,9.18,True
17,2,2,19,59.8,5.94,False
18,0,2,23,52.9,6.8,False
18,1,1,10,38.6,3.27,False
18,2,2,20,47.6,5.95,False
19,0,2,20,33.8,5.68,False
19,1,2,17,60.8,5.46,False
19,2,2,22,79.2,7.09,False
20,0,2,24,46.5,6.93,False
20,1,2,15,388.0,11.51,True
20,2,2,22,55.8,6.61,False
21,0,2,18,105.5,6.61,False
21,1,1,9,29.4,2.84,False
21,2,2,22,49.7,6.49,False
22,0,2,22,22.1,5.94,False
22,1,2,14,36.4,4.23,False
22,2,2,24,33.9,6.68,False
