manager,visit_day,cluster_id,road_km,road_min,transfer_km,transfer_min
0,1,M0-D01-T04,11.1,23.1,79.1,85.9
0,2,M0-D02-T01,26.8,54.8,107.7,118.3
0,3,M0-D03-T17,35.7,54.6,24.2,34.0
0,4,M0-D04-T00,41.7,47.2,148.9,153.7
0,5,M0-D05-T02,7.3,22.2,39.6,42.3
0,5,M0-D05-T03,13.9,28.0,46.7,58.2
0,6,M0-D06-T19,14.9,26.2,20.7,26.8
0,6,M0-D06-T18,7.0,26.8,29.0,39.8
0,7,M0-D07-T11,9.7,22.7,12.2,20.2
0,7,M0-D07-T08,15.8,36.5,15.6,27.8
0,8,M0-D08-T16,12.4,32.2,6.7,11.2
0,8,M0-D08-T15,9.0,27.6,9.2,16.0
0,9,M0-D09-T14,13.3,29.5,2.9,4.6
0,9,M0-D09-T10,18.6,41.4,11.6,20.9
0,10,M0-D10-T09,13.4,28.6,5.6,8.6
0,10,M0-D10-T06,51.5,68.0,44.7,54.1
0,11,M0-D11-T12,11.5,29.3,2.9,4.9
0,11,M0-D11-T13,8.3,22.2,3.4,5.8
0,12,M0-D12-T04,7.9,16.7,80.5,87.0
0,13,M0-D13-T01,26.8,54.8,107.7,118.3
0,14,M0-D14-T07,6.4,13.5,115.0,109.1
0,14,M0-D14-T17,29.7,48.3,126.2,123.9
0,15,M0-D15-T00,41.7,47.2,60.6,63.9
0,15,M0-D15-T05,0.0,0.0,297.0,269.9
0,16,M0-D16-T02,6.7,18.3,39.6,42.3
0,16,M0-D16-T03,13.4,25.7,46.7,58.2
0,17,M0-D17-T19,15.0,26.9,20.7,26.8
0,17,M0-D17-T18,5.9,22.8,29.0,39.8
0,18,M0-D18-T11,9.6,23.9,12.2,20.2
0,18,M0-D18-T08,15.3,35.9,15.9,26.7
0,19,M0-D19-T15,7.0,15.8,3.4,5.4
0,19,M0-D19-T16,12.4,32.2,11.0,17.2
0,20,M0-D20-T14,13.3,29.5,2.9,4.6
0,20,M0-D20-T10,18.6,41.4,11.6,20.9
0,21,M0-D21-T06,50.6,65.6,10.5,14.8
0,21,M0-D21-T09,6.4,12.9,38.0,41.3
0,22,M0-D22-T12,7.5,19.2,2.9,4.9
0,22,M0-D22-T13,8.3,22.2,3.4,5.8
1,1,M1-D01-T19,15.4,31.1,13.6,20.1
1,2,M1-D02-T09,7.5,26.0,14.9,21.3
1,2,M1-D02-T06,11.5,32.3,23.7,38.3
1,3,M1-D03-T08,13.0,28.2,12.2,16.4
1,3,M1-D03-T13,8.3,22.2,23.2,36.4
1,4,M1-D04-T16,20.4,37.5,14.2,21.0
1,5,M1-D05-T11,5.5,18.8,13.5,19.9
1,5,M1-D05-T10,4.6,11.5,14.7,22.3
1,6,M1-D06-T12,7.2,18.1,29.4,40.8
1,7,M1-D07-T18,19.5,49.2,23.6,32.7
1,8,M1-D08-T05,8.8,23.6,19.0,25.2
1,8,M1-D08-T07,9.7,21.4,24.1,34.3
1,9,M1-D09-T01,9.0,18.1,187.6,195.0
1,9,M1-D09-T02,21.2,40.5,193.1,203.6
1,10,M1-D10-T17,8.3,24.8,21.8,31.8
1,11,M1-D11-T14,8.5,22.2,11.9,16.7
1,11,M1-D11-T15,7.9,27.0,13.5,22.3
1,12,M1-D12-T19,15.4,31.1,13.6,20.1
1,13,M1-D13-T06,6.5,17.7,16.1,22.7
1,13,M1-D13-T09,5.3,17.1,19.7,32.6
1,14,M1-D14-T13,5.4,13.4,10.6,15.0
1,14,M1-D14-T08,14.9,27.0,21.2,31.4
1,15,M1-D15-T16,9.5,18.1,15.9,23.5
1,16,M1-D16-T11,4.3,14.1,13.5,19.9
1,16,M1-D16-T10,3.5,8.0,14.7,22.3
1,17,M1-D17-T04,2.3,5.0,186.6,191.8
1,17,M1-D17-T12,3.1,6.8,191.9,201.3
1,18,M1-D18-T18,15.0,35.4,23.6,32.7
1,19,M1-D19-T05,8.6,22.9,19.0,25.2
1,19,M1-D19-T07,8.9,18.8,24.2,33.8
1,20,M1-D20-T03,3.7,9.3,157.0,162.0
1,20,M1-D20-T00,22.0,36.0,205.3,198.9
1,21,M1-D21-T17,7.6,19.3,21.8,31.8
1,22,M1-D22-T14,5.9,15.1,11.9,16.7
1,22,M1-D22-T15,5.1,14.8,13.4,22.0
2,1,M2-D01-T04,14.1,29.2,84.8,92.4
2,2,M2-D02-T01,13.9,35.1,80.9,92.3
2,2,M2-D02-T00,12.5,27.8,78.7,85.2
2,3,M2-D03-T02,21.0,42.8,375.6,359.1
2,4,M2-D04-T03,0.7,1.5,61.6,72.6
2,4,M2-D04-T05,4.8,8.4,62.3,75.7
2,5,M2-D05-T06,14.7,23.9,30.3,36.9
2,5,M2-D05-T07,18.8,45.4,35.4,46.6
2,6,M2-D06-T12,10.0,24.0,9.8,13.3
2,6,M2-D06-T15,33.2,61.1,10.6,19.3
2,7,M2-D07-T10,8.7,17.9,13.4,19.0
2,7,M2-D07-T08,8.7,26.5,20.9,31.6
2,8,M2-D08-T19,18.2,37.8,23.5,30.8
2,8,M2-D08-T18,30.1,47.5,9.3,14.4
2,9,M2-D09-T11,17.1,35.5,9.8,13.5
2,9,M2-D09-T09,16.0,36.2,18.4,26.0
2,10,M2-D10-T14,9.0,20.5,8.3,11.3
2,10,M2-D10-T13,16.1,39.4,18.1,31.0
2,11,M2-D11-T17,8.6,21.6,5.3,7.8
2,11,M2-D11-T16,7.4,17.9,12.6,18.9
2,12,M2-D12-T04,9.5,24.0,87.1,94.9
2,13,M2-D13-T01,13.9,35.1,80.9,92.3
2,13,M2-D13-T00,12.4,27.4,78.7,85.2
2,15,M2-D15-T05,0.9,1.6,46.3,55.5
2,15,M2-D15-T03,0.7,1.5,78.0,92.6
2,16,M2-D16-T06,14.3,22.4,30.3,36.9
2,16,M2-D16-T07,18.2,42.8,35.4,46.6
2,17,M2-D17-T12,9.9,23.4,9.8,13.3
2,17,M2-D17-T15,29.6,50.6,10.6,19.3
2,18,M2-D18-T10,6.2,14.2,13.4,19.0
2,18,M2-D18-T08,9.2,27.7,18.8,29.2
2,19,M2-D19-T19,16.4,33.3,23.5,30.8
2,19,M2-D19-T18,30.1,47.5,9.3,14.4
2,20,M2-D20-T11,14.4,31.4,9.8,13.5
2,20,M2-D20-T09,16.0,36.2,15.6,22.2
2,21,M2-D21-T14,8.8,18.8,8.3,11.3
2,21,M2-D21-T13,14.4,33.3,18.1,31.0
2,22,M2-D22-T17,8.6,21.6,5.3,7.8
2,22,M2-D22-T16,7.4,17.9,12.6,18.9
