point_id,visit_day,cluster_id,order_in_route,manager,cluster_seq_in_day,visit_number,visits_per_month,latitude,longitude
ID195,1,M0-D01-T04,1,0,1,1,2,56.24194407107552,43.5215934670748
ID98,1,M0-D01-T04,2,0,1,1,2,56.24344952419226,43.512914253943066
ID191,1,M0-D01-T04,3,0,1,1,2,56.24459988735594,43.51122610491065
ID100,1,M0-D01-T04,4,0,1,1,2,56.24034850927207,43.50461305929216
ID157,1,M0-D01-T04,5,0,1,1,2,56.23997934916671,43.50589051186411
ID99,1,M0-D01-T04,6,0,1,1,2,56.24151847218733,43.49690761660904
ID102,1,M0-D01-T04,7,0,1,1,2,56.24118791507383,43.50433574306533
ID193,1,M0-D01-T04,8,0,1,1,2,56.24453627290068,43.50448482860536
ID192,1,M0-D01-T04,9,0,1,1,2,56.24446082434155,43.49854004575904
ID101,1,M0-D01-T04,10,0,1,1,2,56.24454959129702,43.49051409244215
ID156,1,M0-D01-T04,11,0,1,1,2,56.24946345111653,43.49433779185123
ID122,1,M0-D01-T04,12,0,1,1,1,56.25405471508904,43.46939757721552
ID384,1,M1-D01-T19,1,1,1,1,2,56.29926210861554,44.0221634179781
ID259,1,M1-D01-T19,2,1,1,1,2,56.30631706458934,44.02102119318577
ID347,1,M1-D01-T19,3,1,1,1,2,56.299826465010966,43.95063383940531
ID297,1,M1-D01-T19,4,1,1,1,2,56.30079903564073,43.95119918048395
ID348,1,M1-D01-T19,5,1,1,1,2,56.30111923379424,43.95147878983622
ID397,1,M1-D01-T19,6,1,1,1,2,56.29630315802382,43.949675540955866
ID270,1,M1-D01-T19,7,1,1,1,2,56.29472942708435,43.95177008398834
ID269,1,M1-D01-T19,8,1,1,1,2,56.29324728247546,43.95443889746035
ID268,1,M1-D01-T19,9,1,1,1,2,56.2866843537488,43.96066719216095
ID399,1,M1-D01-T19,10,1,1,1,2,56.28204445498159,43.95302854965898
ID398,1,M1-D01-T19,11,1,1,1,2,56.28347292098022,43.95455682071499
ID267,1,M1-D01-T19,12,1,1,1,2,56.2794855831549,43.957673419450856
ID606,1,M2-D01-T04,1,2,1,1,2,56.11241184160043,43.534708915284064
ID509,1,M2-D01-T04,2,2,1,1,2,56.11475740214236,43.53026966014696
ID608,1,M2-D01-T04,3,2,1,1,2,56.10869008321072,43.5101334511826
ID607,1,M2-D01-T04,4,2,1,1,2,56.10513459255443,43.51905887631911
ID493,1,M2-D01-T04,5,2,1,1,2,56.10428272232847,43.51735122742757
ID494,1,M2-D01-T04,6,2,1,1,2,56.10556194595998,43.51248112963457
ID609,1,M2-D01-T04,7,2,1,1,2,56.0958984131992,43.49309861190673
ID495,1,M2-D01-T04,8,2,1,1,2,56.103195734418186,43.49084628023591
ID496,1,M2-D01-T04,9,2,1,1,2,56.11251982108283,43.48276869264804
ID610,1,M2-D01-T04,10,2,1,1,2,56.11327458128344,43.47977040809009
ID611,1,M2-D01-T04,11,2,1,1,1,56.1242461772118,43.526183727586826
ID231,2,M0-D02-T01,1,0,1,1,2,56.2501923792664,43.41029412239414
ID148,2,M0-D02-T01,2,0,1,1,2,56.24804042468153,43.40897969640582
ID147,2,M0-D02-T01,3,0,1,1,2,56.24713581800831,43.39464320138967
ID230,2,M0-D02-T01,4,0,1,1,2,56.246281630133616,43.40121340507731
ID146,2,M0-D02-T01,5,0,1,1,2,56.23748461297443,43.39445142094976
ID229,2,M0-D02-T01,6,0,1,1,2,56.23446072663637,43.38790825841782
ID228,2,M0-D02-T01,7,0,1,1,2,56.23698582981875,43.41826443271217
ID125,2,M0-D02-T01,8,0,1,1,2,56.237361704824735,43.41644713691846
ID227,2,M0-D02-T01,9,0,1,1,2,56.22789345356208,43.41347261687112
ID126,2,M0-D02-T01,10,0,1,1,2,56.22700534335048,43.41483963745571
ID145,2,M0-D02-T01,11,0,1,1,2,56.21926722863013,43.2175944820124
ID162,2,M0-D02-T01,12,0,1,1,2,56.22572771001899,43.21487243646705
ID358,2,M1-D02-T09,1,1,1,1,2,56.25882592427467,43.86506138261827
ID308,2,M1-D02-T09,2,1,1,1,1,56.262911942769705,43.86345616973821
ID307,2,M1-D02-T09,3,1,1,1,2,56.26450647611258,43.86124567678081
ID305,2,M1-D02-T09,4,1,1,1,2,56.26498207556229,43.85463346854668
ID306,2,M1-D02-T09,5,1,1,1,2,56.26509752294236,43.85338303920796
ID418,2,M1-D02-T09,6,1,1,1,2,56.26627689545059,43.85670844052454
ID417,2,M1-D02-T09,7,1,1,1,2,56.26921381267968,43.86114891272839
ID420,2,M1-D02-T09,8,1,1,1,1,56.26832267982871,43.86116112234606
ID419,2,M1-D02-T09,9,1,1,1,2,56.26754843107752,43.85704605628617
ID309,2,M1-D02-T09,10,1,1,1,2,56.26756858858005,43.84868580571605
ID391,2,M1-D02-T09,11,1,1,1,2,56.26907615829779,43.84784642129711
ID392,2,M1-D02-T09,12,1,1,1,1,56.27237667642416,43.86234944935544
ID318,2,M1-D02-T06,1,1,2,1,2,56.25670095235744,43.85002680321213
ID416,2,M1-D02-T06,2,1,2,1,2,56.25472419321638,43.85252645724941
ID415,2,M1-D02-T06,3,1,2,1,1,56.252965555962966,43.83867351619615
ID316,2,M1-D02-T06,4,1,2,1,1,56.25500326587811,43.83190128873316
ID413,2,M1-D02-T06,5,1,2,1,2,56.251091899699226,43.834723137758985
ID414,2,M1-D02-T06,6,1,2,1,1,56.24973759600679,43.83510331071516
ID412,2,M1-D02-T06,7,1,2,1,2,56.24869347260733,43.82864135001115
ID314,2,M1-D02-T06,8,1,2,1,2,56.2488232033641,43.82508972711385
ID411,2,M1-D02-T06,9,1,2,1,2,56.25044752655315,43.82040029003241
ID315,2,M1-D02-T06,10,1,2,1,2,56.24669099084166,43.83758101022783
ID317,2,M1-D02-T06,11,1,2,1,1,56.25210001423457,43.84387314042062
ID409,2,M1-D02-T06,12,1,2,1,1,56.252801517091406,43.80758521468213
ID632,2,M2-D02-T01,1,2,1,1,2,56.00523018782999,43.11407368717421
ID511,2,M2-D02-T01,2,2,1,1,2,56.00677661757645,43.112628936568655
ID512,2,M2-D02-T01,3,2,1,1,2,55.99605425504678,43.110016035463104
ID631,2,M2-D02-T01,4,2,1,1,2,55.99382401744504,43.1100575371407
ID513,2,M2-D02-T01,5,2,1,1,2,55.9857525374951,43.10507394765211
ID630,2,M2-D02-T01,6,2,1,1,2,55.98497811919985,43.10727462255676
ID633,2,M2-D02-T01,7,2,1,1,2,55.96982662704967,43.09670754227041
ID510,2,M2-D02-T01,8,2,1,1,2,55.96911494265795,43.10074797257022
ID515,2,M2-D02-T01,9,2,1,1,2,55.95618362904333,43.05487336058568
ID628,2,M2-D02-T00,1,2,2,1,2,55.95255610784616,43.0564770530442
ID627,2,M2-D02-T00,2,2,2,1,2,55.94650129792982,43.046263180285095
ID516,2,M2-D02-T00,3,2,2,1,2,55.94123911998357,43.04562483240888
ID517,2,M2-D02-T00,4,2,2,1,2,55.936897446669,43.07490555714855
ID626,2,M2-D02-T00,5,2,2,1,2,55.93743147332916,43.07349006205485
ID514,2,M2-D02-T00,6,2,2,1,2,55.94015688371304,43.07157590848105
ID629,2,M2-D02-T00,7,2,2,1,2,55.9428802385322,43.06997608026611
ID518,2,M2-D02-T00,8,2,2,1,2,55.94158338811002,43.09146119440329
ID625,2,M2-D02-T00,9,2,2,1,2,55.94083589224154,43.0946559014626
ID624,2,M2-D02-T00,10,2,2,1,2,55.94449828523901,43.09907853891127
ID519,2,M2-D02-T00,11,2,2,1,1,55.94187957242211,43.10436650962198
ID520,2,M2-D02-T00,12,2,2,1,2,55.94068187454074,43.10341388851276
ID86,3,M0-D03-T17,1,0,1,1,2,56.26511796076165,44.09119564664105
ID188,3,M0-D03-T17,2,0,1,1,2,56.25630280903887,44.09642647891029
ID87,3,M0-D03-T17,3,0,1,1,2,56.24936010460922,44.0959120960075
ID88,3,M0-D03-T17,4,0,1,1,1,56.231997857289485,44.09395854231418
ID187,3,M0-D03-T17,5,0,1,1,2,56.215175178779006,44.10177941854473
ID89,3,M0-D03-T17,6,0,1,1,2,56.21295641229598,44.09928874624665
ID184,3,M0-D03-T17,7,0,1,1,2,56.19260774419762,44.12216509543693
ID92,3,M0-D03-T17,8,0,1,1,2,56.18851019103497,44.12252352412147
ID185,3,M0-D03-T17,9,0,1,1,2,56.19050157694655,44.119771254627054
ID90,3,M0-D03-T17,10,0,1,1,2,56.19607932895915,44.12295531019916
ID186,3,M0-D03-T17,11,0,1,1,2,56.2007661999716,44.12291325112319
ID209,3,M0-D03-T17,12,0,1,1,2,56.24287386533938,44.01251528298162
ID329,3,M1-D03-T08,1,1,1,1,2,56.30097984816908,43.87346987111543
ID405,3,M1-D03-T08,2,1,1,1,2,56.29606577978414,43.86989795445787
ID406,3,M1-D03-T08,3,1,1,1,2,56.296005507387605,43.85615887394909
ID330,3,M1-D03-T08,4,1,1,1,2,56.299483814120265,43.85504497007648
ID331,3,M1-D03-T08,5,1,1,1,1,56.30056637082465,43.8515514456338
ID332,3,M1-D03-T08,6,1,1,1,1,56.29948897579195,43.85227932665424
ID407,3,M1-D03-T08,7,1,1,1,2,56.34147343726119,43.80731009296344
ID333,3,M1-D03-T08,8,1,1,1,2,56.346381747785664,43.80845148779123
ID403,3,M1-D03-T13,1,1,2,1,1,56.29037383767971,43.8789651487573
ID328,3,M1-D03-T13,2,1,2,1,1,56.29042170452277,43.880942440876005
ID327,3,M1-D03-T13,3,1,2,1,2,56.289887196798574,43.88383716515341
ID404,3,M1-D03-T13,4,1,2,1,2,56.286537353809045,43.88128225926667
ID325,3,M1-D03-T13,5,1,2,1,2,56.29045721855783,43.89291298235662
ID326,3,M1-D03-T13,6,1,2,1,2,56.28637292388907,43.90058479675001
ID396,3,M1-D03-T13,7,1,2,1,2,56.28571037463513,43.899322271150254
ID345,3,M1-D03-T13,8,1,2,1,2,56.2854298760079,43.89500414633579
ID395,3,M1-D03-T13,9,1,2,1,2,56.28646703692454,43.890841617793306
ID393,3,M1-D03-T13,10,1,2,1,1,56.28111413524162,43.8965106671692
ID344,3,M1-D03-T13,11,1,2,1,2,56.28199561245896,43.892782560281546
ID394,3,M1-D03-T13,12,1,2,1,1,56.27779109499296,43.89421520612601
ID48,3,M2-D03-T02,1,2,1,1,1,54.93712996497175,43.3040725113475
ID41,3,M2-D03-T02,2,2,1,1,1,54.95781037492242,43.323036604822846
ID40,3,M2-D03-T02,3,2,1,1,1,54.93169273239028,43.3254652936737
ID43,3,M2-D03-T02,4,2,1,1,1,54.92198699912954,43.34884840014151
ID47,3,M2-D03-T02,5,2,1,1,1,54.922935645557935,43.35049842868335
ID39,3,M2-D03-T02,6,2,1,1,1,54.915020661152255,43.33391508616467
ID44,3,M2-D03-T02,7,2,1,1,1,54.92316392787323,43.32250301082635
ID46,3,M2-D03-T02,8,2,1,1,1,54.9221940917209,43.31959978972689
ID42,3,M2-D03-T02,9,2,1,1,1,54.916421703181214,43.2967455051261
ID38,3,M2-D03-T02,10,2,1,1,1,54.912067483988224,43.283423929747656
ID45,3,M2-D03-T02,11,2,1,1,1,54.90641484467886,43.2800617448932
ID144,4,M0-D04-T00,1,0,1,1,2,56.22646670477133,43.18439120333012
ID163,4,M0-D04-T00,2,0,1,1,2,56.2249099413489,43.18145376930696
ID143,4,M0-D04-T00,3,0,1,1,2,56.20152985013721,42.70811765758262
ID165,4,M0-D04-T00,4,0,1,1,2,56.20299104015464,42.70654860284195
ID142,4,M0-D04-T00,5,0,1,1,2,56.20491749680045,42.67393174815616
ID164,4,M0-D04-T00,6,0,1,1,2,56.202938251824754,42.67475307658381
ID346,4,M1-D04-T16,1,1,1,1,2,56.318356226250295,43.9452745086667
ID296,4,M1-D04-T16,2,1,1,1,2,56.31537744837569,43.945070288410655
ID295,4,M1-D04-T16,3,1,1,1,1,56.31217853873455,43.94559077590847
ID323,4,M1-D04-T16,4,1,1,1,1,56.3020697736858,43.92818461570317
ID322,4,M1-D04-T16,5,1,1,1,1,56.30635110224536,43.93040225523825
ID402,4,M1-D04-T16,6,1,1,1,2,56.29438929516095,43.89182319493696
ID324,4,M1-D04-T16,7,1,1,1,2,56.29112315326828,43.89379471585608
ID401,4,M1-D04-T16,8,1,1,1,2,56.28983529114801,43.89901788421861
ID400,4,M1-D04-T16,9,1,1,1,2,56.28842744250349,43.901491091005646
ID371,4,M1-D04-T16,10,1,1,1,2,56.28176793797601,43.92351847194736
ID372,4,M1-D04-T16,11,1,1,1,1,56.28137117620721,43.92580655851184
ID408,4,M1-D04-T16,12,1,1,1,1,56.32376742748553,43.92831420812981
ID549,4,M2-D04-T03,1,2,1,1,2,56.63944275072793,43.39706548702315
ID449,4,M2-D04-T03,2,2,1,1,2,56.64169947655544,43.404240716910856
ID550,4,M2-D04-T05,1,2,2,1,2,56.53837480957932,43.53839329886376
ID450,4,M2-D04-T05,2,2,2,1,2,56.53176214287023,43.53995656329048
ID448,4,M2-D04-T05,3,2,2,1,1,56.51421297053378,43.550820391140434
ID154,5,M0-D05-T02,1,0,1,1,2,56.26028343682171,43.458245363812814
ID155,5,M0-D05-T02,2,0,1,1,1,56.262022890957454,43.45662629492022
ID123,5,M0-D05-T02,3,0,1,1,2,56.25640557030996,43.454639614343385
ID151,5,M0-D05-T02,4,0,1,1,2,56.24889995316328,43.43379039321995
ID152,5,M0-D05-T02,5,0,1,1,2,56.2522660524228,43.43284064796582
ID236,5,M0-D05-T02,6,0,1,1,2,56.25453424686702,43.43008502148657
ID232,5,M0-D05-T02,7,0,1,1,2,56.25191249475171,43.41933740034463
ID149,5,M0-D05-T02,8,0,1,1,2,56.24731639896362,43.42028053148482
ID124,5,M0-D05-T02,9,0,1,1,2,56.24727835909675,43.42134963180944
ID233,5,M0-D05-T02,10,0,1,1,2,56.247049825206325,43.42551662169221
ID234,5,M0-D05-T02,11,0,1,1,2,56.25019899241303,43.424867894518535
ID150,5,M0-D05-T02,12,0,1,1,2,56.24940343854283,43.42601170157873
ID235,5,M0-D05-T03,1,0,2,1,2,56.246955307060425,43.43396433090513
ID153,5,M0-D05-T03,2,0,2,1,2,56.25306916901396,43.453250520779605
ID237,5,M0-D05-T03,3,0,2,1,2,56.25311312962311,43.45563599169657
ID226,5,M0-D05-T03,4,0,2,1,1,56.23681909782498,43.45221281118258
ID161,5,M0-D05-T03,5,0,2,1,2,56.22770198647024,43.44206456510799
ID160,5,M0-D05-T03,6,0,2,1,2,56.22917518088077,43.44240840210755
ID129,5,M0-D05-T03,7,0,2,1,2,56.23164016770855,43.45664477226579
ID159,5,M0-D05-T03,8,0,2,1,2,56.23090527364302,43.46046211582711
ID158,5,M0-D05-T03,9,0,2,1,2,56.22595303718157,43.45500822650388
ID130,5,M0-D05-T03,10,0,2,1,2,56.225618221549695,43.453768233936565
ID127,5,M0-D05-T03,11,0,2,1,2,56.22507802549199,43.44078658026342
ID128,5,M0-D05-T03,12,0,2,1,2,56.22543767958059,43.43992877775604
ID321,5,M1-D05-T11,1,1,1,1,2,56.26041388441287,43.87887923753963
ID303,5,M1-D05-T11,2,1,1,1,2,56.25345369838799,43.87706018462829
ID340,5,M1-D05-T11,3,1,1,1,1,56.25414870792127,43.8796017165125
ID354,5,M1-D05-T11,4,1,1,1,1,56.25736894528748,43.87847841295143
ID320,5,M1-D05-T11,5,1,1,1,2,56.258518676936255,43.87332291877416
ID353,5,M1-D05-T11,6,1,1,1,2,56.26100029561338,43.87324093644895
ID356,5,M1-D05-T11,7,1,1,1,2,56.259355549565,43.86861814475926
ID319,5,M1-D05-T11,8,1,1,1,2,56.25751340576617,43.87060712970767
ID341,5,M1-D05-T11,9,1,1,1,2,56.25728476592765,43.87072307250156
ID302,5,M1-D05-T11,10,1,1,1,1,56.25455757704776,43.87311357234222
ID357,5,M1-D05-T11,11,1,1,1,2,56.25625999800639,43.86762129129609
ID304,5,M1-D05-T11,12,1,1,1,2,56.25615311267627,43.86400822478184
ID355,5,M1-D05-T10,1,1,2,1,2,56.25263562919026,43.8714809268944
ID300,5,M1-D05-T10,2,1,2,1,1,56.251873194486826,43.8725625522538
ID299,5,M1-D05-T10,3,1,2,1,1,56.24749248378061,43.86751261053581
ID301,5,M1-D05-T10,4,1,2,1,1,56.24855204456911,43.86904772346091
ID360,5,M1-D05-T10,5,1,2,1,2,56.244386648316926,43.86738972566985
ID422,5,M1-D05-T10,6,1,2,1,2,56.24517813403813,43.869655593012986
ID424,5,M1-D05-T10,7,1,2,1,1,56.243597360678656,43.868606236169775
ID310,5,M1-D05-T10,8,1,2,1,2,56.24159348031626,43.86789339847467
ID298,5,M1-D05-T10,9,1,2,1,2,56.24440786333858,43.87306284536847
ID423,5,M1-D05-T10,10,1,2,1,2,56.24487613219248,43.87287956561731
ID311,5,M1-D05-T10,11,1,2,1,2,56.24466016498619,43.87373098139442
ID359,5,M1-D05-T10,12,1,2,1,2,56.25065986270713,43.87783991590726
ID546,5,M2-D05-T06,1,2,1,1,2,56.41751485855256,43.647824255206125
ID453,5,M2-D05-T06,2,2,1,1,2,56.42068970916382,43.644529985733904
ID547,5,M2-D05-T06,3,2,1,1,2,56.42083112172997,43.63541809764047
ID452,5,M2-D05-T06,4,2,1,1,2,56.416669111021946,43.6365274686286
ID552,5,M2-D05-T06,5,2,1,1,1,56.47917956888962,43.60302571282397
ID447,5,M2-D05-T06,6,2,1,1,2,56.4905230958516,43.59826869003599
ID548,5,M2-D05-T06,7,2,1,1,2,56.49563734625439,43.59434649174717
ID551,5,M2-D05-T06,8,2,1,1,2,56.49281778060656,43.61285027851453
ID451,5,M2-D05-T06,9,2,1,1,2,56.4928037255994,43.61592946468394
ID553,5,M2-D05-T07,1,2,2,1,2,56.39562097864861,43.70323021016143
ID525,5,M2-D05-T07,2,2,2,1,2,56.39937897961171,43.70839697707233
ID554,5,M2-D05-T07,3,2,2,1,2,56.409229986926086,43.706774346335806
ID526,5,M2-D05-T07,4,2,2,1,2,56.4091389753451,43.704160286188056
ID555,5,M2-D05-T07,5,2,2,1,2,56.38821631756318,43.75494524124564
ID527,5,M2-D05-T07,6,2,2,1,2,56.393815155527335,43.756454318817305
ID454,5,M2-D05-T07,7,2,2,1,2,56.3811059075389,43.78526488070986
ID577,5,M2-D05-T07,8,2,2,1,2,56.38109450232248,43.78586136139161
ID576,5,M2-D05-T07,9,2,2,1,2,56.38588191417029,43.78399793138744
ID455,5,M2-D05-T07,10,2,2,1,2,56.38570025614517,43.78461637835942
ID578,5,M2-D05-T07,11,2,2,1,1,56.38450921598554,43.79314250962581
ID476,5,M2-D05-T07,12,2,2,1,2,56.36541657103191,43.785892545864186
ID91,6,M0-D06-T19,1,0,1,1,2,56.18918256869496,44.12441453609866
ID182,6,M0-D06-T19,2,0,1,1,1,56.16120584721848,44.207293706026206
ID183,6,M0-D06-T19,3,0,1,1,2,56.15858056516549,44.20751614598864
ID110,6,M0-D06-T19,4,0,1,1,2,56.158686221521336,44.20603792604238
ID224,6,M0-D06-T19,5,0,1,1,2,56.15824902280991,44.20424116224611
ID112,6,M0-D06-T19,6,0,1,1,2,56.156899070435074,44.20517948951609
ID111,6,M0-D06-T19,7,0,1,1,2,56.15629128250068,44.19994751994393
ID223,6,M0-D06-T19,8,0,1,1,2,56.15436137038188,44.20274614859228
ID222,6,M0-D06-T19,9,0,1,1,2,56.14570776814724,44.21753733357225
ID113,6,M0-D06-T19,10,0,1,1,2,56.14572991984111,44.22096423488853
ID218,6,M0-D06-T19,11,0,1,1,2,56.14020168391199,44.1958453106506
ID220,6,M0-D06-T19,12,0,1,1,2,56.13982267539686,44.195323783745486
ID216,6,M0-D06-T18,1,0,2,1,2,56.138047248095226,44.19678457310791
ID115,6,M0-D06-T18,2,0,2,1,2,56.136439807331286,44.19872775356996
ID118,6,M0-D06-T18,3,0,2,1,2,56.13736066046265,44.196681219556986
ID219,6,M0-D06-T18,4,0,2,1,2,56.13833080176512,44.192070072807255
ID215,6,M0-D06-T18,5,0,2,1,1,56.13675389288443,44.19234889759326
ID120,6,M0-D06-T18,6,0,2,1,1,56.13232520429999,44.19429078499166
ID119,6,M0-D06-T18,7,0,2,1,2,56.13163053728663,44.19261222027737
ID221,6,M0-D06-T18,8,0,2,1,2,56.12944983862044,44.19523885162727
ID114,6,M0-D06-T18,9,0,2,1,2,56.13104208657535,44.19344467944899
ID116,6,M0-D06-T18,10,0,2,1,2,56.132578785005535,44.19592624515845
ID117,6,M0-D06-T18,11,0,2,1,2,56.13428968829,44.200347481455736
ID217,6,M0-D06-T18,12,0,2,1,2,56.13469247899088,44.201565367838334
ID285,6,M1-D06-T12,1,1,1,1,1,56.24186572464441,43.906407238072106
ID290,6,M1-D06-T12,2,1,1,1,2,56.23837426197,43.895168071001656
ID430,6,M1-D06-T12,3,1,1,1,2,56.23939048655462,43.89000049947983
ID427,6,M1-D06-T12,4,1,1,1,1,56.23645354710545,43.879764317419614
ID426,6,M1-D06-T12,5,1,1,1,2,56.23227914085359,43.87707548210688
ID286,6,M1-D06-T12,6,1,1,1,1,56.23027380675578,43.87698524676134
ID289,6,M1-D06-T12,7,1,1,1,1,56.22668081488916,43.88211507346136
ID287,6,M1-D06-T12,8,1,1,1,2,56.22973025002562,43.87947362950832
ID429,6,M1-D06-T12,9,1,1,1,1,56.23138979000159,43.88810963360714
ID428,6,M1-D06-T12,10,1,1,1,1,56.230331666197785,43.88199714832089
ID288,6,M1-D06-T12,11,1,1,1,1,56.23171015587958,43.87846476754461
ID425,6,M1-D06-T12,12,1,1,1,1,56.24064276131328,43.8686071066337
ID583,6,M2-D06-T12,1,2,1,1,2,56.343872188166806,43.88905294133682
ID435,6,M2-D06-T12,2,2,1,1,1,56.35159044830838,43.89123511676826
ID439,6,M2-D06-T12,3,2,1,1,2,56.35692699262933,43.88122877364805
ID438,6,M2-D06-T12,4,2,1,1,2,56.355471359053496,43.880604300866615
ID586,6,M2-D06-T12,5,2,1,1,2,56.3525984798156,43.8773298238404
ID587,6,M2-D06-T12,6,2,1,1,2,56.35168275868449,43.87567300586763
ID588,6,M2-D06-T12,7,2,1,1,1,56.35409370978565,43.87318979288841
ID589,6,M2-D06-T12,8,2,1,1,2,56.356373331936986,43.871878011172726
ID531,6,M2-D06-T12,9,2,1,1,2,56.35597037658407,43.868471554887925
ID523,6,M2-D06-T12,10,2,1,1,2,56.360409179226494,43.87132565977144
ID569,6,M2-D06-T12,11,2,1,1,2,56.360405212164125,43.86951123739558
ID434,6,M2-D06-T12,12,2,1,1,2,56.34815326660145,43.88548196080664
ID437,6,M2-D06-T15,1,2,2,1,2,56.34880991321234,43.903631829109
ID585,6,M2-D06-T15,2,2,2,1,1,56.34906142196027,43.90473000769588
ID584,6,M2-D06-T15,3,2,2,1,2,56.34599713045732,43.90346593523429
ID436,6,M2-D06-T15,4,2,2,1,2,56.344183126420376,43.89078951793397
ID522,6,M2-D06-T15,5,2,2,1,1,56.33066330638327,43.90628079675738
ID521,6,M2-D06-T15,6,2,2,1,2,56.33208253961374,43.930882989608136
ID580,6,M2-D06-T15,7,2,2,1,2,56.33187182094821,43.92551168947613
ID433,6,M2-D06-T15,8,2,2,1,2,56.34614206423328,43.92010389321781
ID591,6,M2-D06-T15,9,2,2,1,2,56.34473380676616,43.91737640604992
ID581,6,M2-D06-T15,10,2,2,1,1,56.337693783998375,43.92887700697198
ID497,6,M2-D06-T15,11,2,2,1,2,56.34663324126894,43.92054021646418
ID590,6,M2-D06-T15,12,2,2,1,2,56.34636454504447,43.92140961475801
ID76,7,M0-D07-T11,1,0,1,1,2,56.244868585656576,43.99595531977031
ID211,7,M0-D07-T11,2,0,1,1,2,56.24292105889903,43.99483310284504
ID212,7,M0-D07-T11,3,0,1,1,2,56.24270462452943,43.992707364454986
ID75,7,M0-D07-T11,4,0,1,1,2,56.24462589529493,43.98753228059647
ID82,7,M0-D07-T11,5,0,1,1,2,56.245837389405246,43.98102680390521
ID180,7,M0-D07-T11,6,0,1,1,2,56.24394706277837,43.97907357357839
ID78,7,M0-D07-T11,7,0,1,1,2,56.2384920805448,43.99496704400958
ID77,7,M0-D07-T11,8,0,1,1,1,56.23913441478052,43.99656689672101
ID79,7,M0-D07-T11,9,0,1,1,2,56.2415388606825,44.01006177487358
ID208,7,M0-D07-T11,10,0,1,1,2,56.24047021823604,43.99942714897963
ID210,7,M0-D07-T11,11,0,1,1,2,56.2416602808957,43.98917600824582
ID80,7,M0-D07-T11,12,0,1,1,2,56.236934931991584,43.98787973638756
ID202,7,M0-D07-T08,1,0,2,1,2,56.23927474858584,43.96902200228547
ID207,7,M0-D07-T08,2,0,2,1,2,56.24275402293974,43.96473242076891
ID181,7,M0-D07-T08,3,0,2,1,2,56.24602631210353,43.976569177990086
ID108,7,M0-D07-T08,4,0,2,1,2,56.244912317377526,43.96447854154139
ID96,7,M0-D07-T08,5,0,2,1,2,56.24299824690845,43.96528335665007
ID103,7,M0-D07-T08,6,0,2,1,2,56.24374119299798,43.96482700794312
ID196,7,M0-D07-T08,7,0,2,1,2,56.24623399721803,43.96069642880652
ID104,7,M0-D07-T08,8,0,2,1,2,56.24982966695252,43.96028314375084
ID105,7,M0-D07-T08,9,0,2,1,2,56.250581882108165,43.959583889353546
ID201,7,M0-D07-T08,10,0,2,1,2,56.24261680168585,43.96408793477344
ID93,7,M0-D07-T08,11,0,2,1,2,56.23365089699587,43.96610281912616
ID107,7,M0-D07-T08,12,0,2,1,2,56.25215945994052,43.95866045145325
ID382,7,M1-D07-T18,1,1,1,1,2,56.23675489165498,43.94837312939843
ID262,7,M1-D07-T18,2,1,1,1,1,56.24014790733847,43.94624515729883
ID261,7,M1-D07-T18,3,1,1,1,2,56.23647034721606,43.93973939593001
ID263,7,M1-D07-T18,4,1,1,1,2,56.23713443073225,43.94086571015015
ID383,7,M1-D07-T18,5,1,1,1,2,56.239598932316575,43.94332660740496
ID260,7,M1-D07-T18,6,1,1,1,2,56.23401821465436,43.94579493551279
ID381,7,M1-D07-T18,7,1,1,1,2,56.23411935378288,43.94198436104195
ID380,7,M1-D07-T18,8,1,1,1,2,56.253341476117534,43.94200996907728
ID379,7,M1-D07-T18,9,1,1,1,2,56.2514952575296,43.94202490458854
ID292,7,M1-D07-T18,10,1,1,1,2,56.25155577379688,43.94162696016205
ID271,7,M1-D07-T18,11,1,1,1,1,56.24818311071719,43.92734123003014
ID291,7,M1-D07-T18,12,1,1,1,2,56.25140013517945,43.94316494802851
ID530,7,M2-D07-T10,1,2,1,1,2,56.360025897118106,43.85498448887659
ID574,7,M2-D07-T10,2,2,1,1,2,56.360504196377065,43.84029965081679
ID572,7,M2-D07-T10,3,2,1,1,2,56.360154810152935,43.83891154250947
ID446,7,M2-D07-T10,4,2,1,1,2,56.362103354629326,43.84266759751884
ID524,7,M2-D07-T10,5,2,1,1,2,56.36312440424612,43.84311453364421
ID545,7,M2-D07-T10,6,2,1,1,2,56.3700352094783,43.84568706713405
ID573,7,M2-D07-T10,7,2,1,1,1,56.36678706119224,43.84375283664702
ID529,7,M2-D07-T10,8,2,1,1,2,56.36657862386498,43.8393381608978
ID528,7,M2-D07-T10,9,2,1,1,2,56.37215354178904,43.82731732820286
ID575,7,M2-D07-T10,10,2,1,1,2,56.3709410566756,43.82248524314524
ID557,7,M2-D07-T10,11,2,1,1,1,56.35752393267014,43.82610704212056
ID473,7,M2-D07-T10,12,2,1,1,1,56.35735152736915,43.82677527363371
ID558,7,M2-D07-T08,1,2,2,1,2,56.35117992520815,43.820503248587656
ID474,7,M2-D07-T08,2,2,2,1,2,56.35252507220684,43.8178097843852
ID478,7,M2-D07-T08,3,2,2,1,1,56.34832657431338,43.80086607331821
ID480,7,M2-D07-T08,4,2,2,1,2,56.34788484628215,43.80167033346495
ID562,7,M2-D07-T08,5,2,2,1,2,56.34779818962854,43.8048316174247
ID479,7,M2-D07-T08,6,2,2,1,2,56.34691465763567,43.80583751638937
ID563,7,M2-D07-T08,7,2,2,1,2,56.35353025631952,43.80167348232822
ID559,7,M2-D07-T08,8,2,2,1,2,56.358452050709474,43.79624341617927
ID561,7,M2-D07-T08,9,2,2,1,2,56.35779427007771,43.806238299497366
ID475,7,M2-D07-T08,10,2,2,1,2,56.35834003865179,43.80693992312087
ID477,7,M2-D07-T08,11,2,2,1,2,56.36310732678875,43.797347063024056
ID560,7,M2-D07-T08,12,2,2,1,2,56.36396579610545,43.78594148203294
ID169,8,M0-D08-T16,1,0,1,1,2,56.29116596384266,44.05896675037757
ID63,8,M0-D08-T16,2,0,1,1,2,56.290673289612585,44.067094632127656
ID239,8,M0-D08-T16,3,0,1,1,2,56.2893654650396,44.06591785559318
ID225,8,M0-D08-T16,4,0,1,1,2,56.27862159247429,44.07735238935256
ID242,8,M0-D08-T16,5,0,1,1,2,56.27414616474383,44.08491719825626
ID66,8,M0-D08-T16,6,0,1,1,2,56.27607221880182,44.08121320471789
ID65,8,M0-D08-T16,7,0,1,1,2,56.27183850555888,44.08611319653903
ID64,8,M0-D08-T16,8,0,1,1,2,56.27243066851733,44.08848406941079
ID240,8,M0-D08-T16,9,0,1,1,2,56.27063280879064,44.091599912286505
ID241,8,M0-D08-T16,10,0,1,1,2,56.27060467469556,44.09107147811259
ID109,8,M0-D08-T16,11,0,1,1,2,56.29125213535984,44.10541043965202
ID214,8,M0-D08-T16,12,0,1,1,2,56.29538077135872,44.10937016296923
ID238,8,M0-D08-T15,1,0,2,1,2,56.30273245954083,44.04949596581684
ID58,8,M0-D08-T15,2,0,2,1,2,56.30999916099228,44.04022397312191
ID189,8,M0-D08-T15,3,0,2,1,2,56.30408625934168,44.06002451608887
ID67,8,M0-D08-T15,4,0,2,1,2,56.30368748230927,44.060671878790586
ID85,8,M0-D08-T15,5,0,2,1,2,56.30610734595009,44.06052534848765
ID177,8,M0-D08-T15,6,0,2,1,2,56.30569610075784,44.06263419253496
ID68,8,M0-D08-T15,7,0,2,1,1,56.30822455418038,44.06158781833284
ID69,8,M0-D08-T15,8,0,2,1,1,56.30865577138126,44.05717836597057
ID70,8,M0-D08-T15,9,0,2,1,2,56.31124453037473,44.0516261819221
ID176,8,M0-D08-T15,10,0,2,1,2,56.31465079597417,44.05543756221199
ID243,8,M0-D08-T15,11,0,2,1,1,56.31970930277721,44.06221287415218
ID244,8,M0-D08-T15,12,0,2,1,1,56.31408877424422,44.05771879835593
ID367,8,M1-D08-T05,1,1,1,1,2,56.22201667046795,43.82543379743218
ID365,8,M1-D08-T05,2,1,1,1,1,56.220122016278296,43.81275915611713
ID277,8,M1-D08-T05,3,1,1,1,2,56.22366691873025,43.815529356398464
ID276,8,M1-D08-T05,4,1,1,1,1,56.21730072486768,43.8148661653673
ID364,8,M1-D08-T05,5,1,1,1,1,56.21795928521919,43.82199930364077
ID278,8,M1-D08-T05,6,1,1,1,2,56.21789518585073,43.823787303991054
ID362,8,M1-D08-T05,7,1,1,1,2,56.218045049690815,43.83195976688256
ID274,8,M1-D08-T05,8,1,1,1,2,56.21699076322352,43.83049514124265
ID366,8,M1-D08-T05,9,1,1,1,2,56.21590655005964,43.81619776772602
ID363,8,M1-D08-T05,10,1,1,1,2,56.208621273201096,43.7924598932432
ID275,8,M1-D08-T05,11,1,1,1,2,56.21085688466785,43.790292914978565
ID410,8,M1-D08-T07,1,1,2,1,1,56.243668126023465,43.81773501786304
ID313,8,M1-D08-T07,2,1,2,1,2,56.24503470441234,43.82358909456292
ID370,8,M1-D08-T07,3,1,2,1,2,56.24066717648812,43.83849073669773
ID281,8,M1-D08-T07,4,1,2,1,2,56.23784668239407,43.840048894384125
ID312,8,M1-D08-T07,5,1,2,1,1,56.2377024914979,43.83790403230466
ID369,8,M1-D08-T07,6,1,2,1,2,56.2285259842346,43.82732724460517
ID280,8,M1-D08-T07,7,1,2,1,2,56.23173171025674,43.83298776070974
ID279,8,M1-D08-T07,8,1,2,1,2,56.22935521202378,43.84367040142329
ID368,8,M1-D08-T07,9,1,2,1,2,56.22707763061083,43.840686128357135
ID361,8,M1-D08-T07,10,1,2,1,2,56.22266072174938,43.8452687147505
ID273,8,M1-D08-T07,11,1,2,1,2,56.2182851036812,43.84747396882795
ID502,8,M2-D08-T19,1,2,1,1,2,56.362455818627865,44.08015206542426
ID600,8,M2-D08-T19,2,2,1,1,2,56.36488774696921,44.11738034572197
ID507,8,M2-D08-T19,3,2,1,1,2,56.36519692188161,44.113883957445175
ID599,8,M2-D08-T19,4,2,1,1,2,56.361565000892334,44.08808009201864
ID596,8,M2-D08-T19,5,2,1,1,2,56.359192623791664,44.08313415057015
ID597,8,M2-D08-T19,6,2,1,1,2,56.35178091068018,44.08731513593583
ID503,8,M2-D08-T19,7,2,1,1,1,56.350342924241495,44.08147422507146
ID504,8,M2-D08-T19,8,2,1,1,2,56.34684788503567,44.089224134991085
ID506,8,M2-D08-T19,9,2,1,1,2,56.35593152053329,44.08862120226211
ID598,8,M2-D08-T19,10,2,1,1,2,56.33517663539996,44.130257654324666
ID505,8,M2-D08-T19,11,2,1,1,2,56.33131918229858,44.12536292273242
ID595,8,M2-D08-T18,1,2,2,1,2,56.36211492888504,44.06964161989638
ID501,8,M2-D08-T18,2,2,2,1,2,56.36548471752709,44.07217870201037
ID499,8,M2-D08-T18,3,2,2,1,2,56.37086141133481,44.06319033760022
ID593,8,M2-D08-T18,4,2,2,1,2,56.373803763444926,44.066654484050936
ID500,8,M2-D08-T18,5,2,2,1,2,56.37275171228651,44.071254262323286
ID594,8,M2-D08-T18,6,2,2,1,2,56.374789111691086,44.072176432361765
ID508,8,M2-D08-T18,7,2,2,1,2,56.37569370649222,44.06746531110991
ID601,8,M2-D08-T18,8,2,2,1,2,56.37799681559297,44.0675791973208
ID592,8,M2-D08-T18,9,2,2,1,2,56.37585657695692,44.05780924890727
ID498,8,M2-D08-T18,10,2,2,1,2,56.37556029806982,44.058409759965805
ID465,8,M2-D08-T18,11,2,2,1,2,56.31816907594446,44.03046302124586
ID623,8,M2-D08-T18,12,2,2,1,2,56.31236172221288,44.03019014008473
ID61,9,M0-D09-T14,1,0,1,1,2,56.30600893946364,44.0239619427136
ID172,9,M0-D09-T14,2,0,1,1,2,56.30502115741687,44.02653577183557
ID55,9,M0-D09-T14,3,0,1,1,2,56.29998959121092,44.03485641651813
ID170,9,M0-D09-T14,4,0,1,1,2,56.29537577899149,44.02907609160557
ID53,9,M0-D09-T14,5,0,1,1,2,56.29002442187375,44.012406714645685
ID171,9,M0-D09-T14,6,0,1,1,2,56.290408594072645,44.0143074816523
ID54,9,M0-D09-T14,7,0,1,1,2,56.29190060338504,44.026259392778535
ID168,9,M0-D09-T14,8,0,1,1,2,56.29558372010688,44.03263935155867
ID62,9,M0-D09-T14,9,0,1,1,2,56.298976587334856,44.04985276479101
ID73,9,M0-D09-T14,10,0,1,1,2,56.2940677477067,44.05489628989046
ID74,9,M0-D09-T14,11,0,1,1,2,56.27813843693768,44.03944616978645
ID213,9,M0-D09-T14,12,0,1,1,2,56.27495016233023,44.03785414450493
ID83,9,M0-D09-T10,1,0,2,1,2,56.2564573900092,43.98307729166574
ID178,9,M0-D09-T10,2,0,2,1,2,56.25759350852877,43.98185257472288
ID84,9,M0-D09-T10,3,0,2,1,2,56.25716855773256,43.97369465206359
ID179,9,M0-D09-T10,4,0,2,1,2,56.254048754110286,43.973819352136026
ID198,9,M0-D09-T10,5,0,2,1,2,56.25311754380134,43.96330370942103
ID200,9,M0-D09-T10,6,0,2,1,2,56.25480606680025,43.959888566044775
ID106,9,M0-D09-T10,7,0,2,1,2,56.25196385357916,43.96010578077879
ID81,9,M0-D09-T10,8,0,2,1,2,56.25088280940134,43.98028766668675
ID255,9,M0-D09-T10,9,0,2,1,2,56.28808811946155,43.994957451318
ID256,9,M0-D09-T10,10,0,2,1,2,56.28412610913272,43.99792886655224
ID51,9,M0-D09-T10,11,0,2,1,2,56.2856075263264,43.99956119997658
ID52,9,M0-D09-T10,12,0,2,1,2,56.28465326757238,43.999825233775525
ID13,9,M1-D09-T01,1,1,1,1,1,55.31360980116675,42.1617434415603
ID6,9,M1-D09-T01,2,1,1,1,1,55.31795527891948,42.15403273082008
ID35,9,M1-D09-T01,3,1,1,1,1,55.31780148063839,42.15159717352053
ID8,9,M1-D09-T01,4,1,1,1,1,55.31795946915324,42.0840733058196
ID30,9,M1-D09-T01,5,1,1,1,1,55.32768378349463,42.06242953831091
ID25,9,M1-D09-T02,1,1,2,1,1,55.32441670762539,42.16471662647033
ID11,9,M1-D09-T02,2,1,2,1,1,55.326100257752046,42.178335814181445
ID17,9,M1-D09-T02,3,1,2,1,1,55.32946393881024,42.21825280463814
ID26,9,M1-D09-T02,4,1,2,1,1,55.33063508254237,42.20259853592498
ID19,9,M1-D09-T02,5,1,2,1,1,55.33137096828158,42.16406086141772
ID29,9,M1-D09-T02,6,1,2,1,1,55.33663344306672,42.16636258483065
ID28,9,M1-D09-T02,7,1,2,1,1,55.33832740008441,42.165481867385445
ID14,9,M1-D09-T02,8,1,2,1,1,55.35339439082952,42.1604651722134
ID16,9,M1-D09-T02,9,1,2,1,1,55.34415787768575,42.15011289130573
ID12,9,M1-D09-T02,10,1,2,1,1,55.38529552804521,42.114015316813216
ID582,9,M2-D09-T11,1,2,1,1,2,56.34260443458897,43.8860802102411
ID556,9,M2-D09-T11,2,2,1,1,2,56.34461664923259,43.866914737808976
ID532,9,M2-D09-T11,3,2,1,1,2,56.350529380441095,43.864204638943306
ID445,9,M2-D09-T11,4,2,1,1,2,56.3551708007026,43.8597813305431
ID571,9,M2-D09-T11,5,2,1,1,2,56.35644243312824,43.85070613411087
ID570,9,M2-D09-T11,6,2,1,1,2,56.35376382596937,43.86170584346696
ID564,9,M2-D09-T11,7,2,1,1,2,56.33477950698067,43.82512971633172
ID565,9,M2-D09-T11,8,2,1,1,2,56.328805910055486,43.83714456894168
ID482,9,M2-D09-T11,9,2,1,1,2,56.32799742204136,43.84228021646029
ID483,9,M2-D09-T11,10,2,1,1,1,56.33126308842132,43.84509507253866
ID484,9,M2-D09-T11,11,2,1,1,2,56.3303380961395,43.84588119531563
ID567,9,M2-D09-T11,12,2,1,1,1,56.32591501796046,43.86709106415869
ID481,9,M2-D09-T09,1,2,2,1,2,56.3311547038767,43.8259831332425
ID566,9,M2-D09-T09,2,2,2,1,2,56.324574581454286,43.84115802510237
ID490,9,M2-D09-T09,3,2,2,1,2,56.310638865611445,43.82654633870927
ID603,9,M2-D09-T09,4,2,2,1,2,56.31240155349213,43.82377542258193
ID491,9,M2-D09-T09,5,2,2,1,2,56.31328484776407,43.81878892914795
ID604,9,M2-D09-T09,6,2,2,1,2,56.31328471412815,43.8179446866737
ID602,9,M2-D09-T09,7,2,2,1,2,56.31014260519791,43.82156963550777
ID489,9,M2-D09-T09,8,2,2,1,2,56.30307325817989,43.82372092392656
ID492,9,M2-D09-T09,9,2,2,1,2,56.30903262189805,43.80037633798872
ID605,9,M2-D09-T09,10,2,2,1,2,56.3092163515959,43.80262632740633
ID488,9,M2-D09-T09,11,2,2,1,2,56.2966959910334,43.8474877372335
ID619,9,M2-D09-T09,12,2,2,1,2,56.29561598279048,43.84713948441282
ID133,10,M0-D10-T09,1,0,1,1,1,56.33860257123506,43.94392253226642
ID134,10,M0-D10-T09,2,0,1,1,1,56.344488410051454,43.93989748789008
ID190,10,M0-D10-T09,3,0,1,1,2,56.32401908745569,43.95715022949151
ID121,10,M0-D10-T09,4,0,1,1,2,56.322597043547134,43.95185745751769
ID136,10,M0-D10-T09,5,0,1,1,2,56.30664205711498,43.97554321280201
ID257,10,M0-D10-T09,6,0,1,1,2,56.30698023029857,43.97474119364488
ID135,10,M0-D10-T09,7,0,1,1,2,56.30857184849283,43.97720375306976
ID138,10,M0-D10-T09,8,0,1,1,1,56.3096211474921,43.9796665584593
ID258,10,M0-D10-T09,9,0,1,1,2,56.30751572198665,43.9803435426366
ID137,10,M0-D10-T09,10,0,1,1,1,56.30739405217715,43.98059903217809
ID49,10,M0-D10-T09,11,0,1,1,2,56.3081804975416,43.99060816753116
ID253,10,M0-D10-T09,12,0,1,1,1,56.294846107492624,43.979753977382806
ID197,10,M0-D10-T06,1,0,2,1,2,56.248946723585085,43.95850892481501
ID199,10,M0-D10-T06,2,0,2,1,2,56.2480637417058,43.95657305866511
ID95,10,M0-D10-T06,3,0,2,1,2,56.228289669337165,43.94044269409792
ID203,10,M0-D10-T06,4,0,2,1,2,56.22723160423511,43.951143633639234
ID94,10,M0-D10-T06,5,0,2,1,2,56.22510426567484,43.95092027120759
ID206,10,M0-D10-T06,6,0,2,1,2,56.22276495126832,43.94173006495657
ID204,10,M0-D10-T06,7,0,2,1,2,56.20490182177274,43.87985891461944
ID97,10,M0-D10-T06,8,0,2,1,2,56.20285705047222,43.88030266668006
ID205,10,M0-D10-T06,9,0,2,1,1,56.19790143821435,43.85557872825634
ID131,10,M0-D10-T06,10,0,2,1,2,56.24197980004377,43.52404471965556
ID194,10,M0-D10-T06,11,0,2,1,2,56.24419861396787,43.52323210006809
ID132,10,M0-D10-T06,12,0,2,1,2,56.2401168732311,43.52221026622027
ID282,10,M1-D10-T17,1,1,1,1,2,56.2758193331453,43.926241773342895
ID374,10,M1-D10-T17,2,1,1,1,2,56.27392713354773,43.93748342853532
ID264,10,M1-D10-T17,3,1,1,1,1,56.2714708779557,43.93947225471975
ID265,10,M1-D10-T17,4,1,1,1,2,56.27215478764281,43.9405942398346
ID373,10,M1-D10-T17,5,1,1,1,2,56.2736089755836,43.94147984714953
ID266,10,M1-D10-T17,6,1,1,1,2,56.27228190269128,43.94437128593528
ID375,10,M1-D10-T17,7,1,1,1,1,56.26839702738259,43.93974556727909
ID377,10,M1-D10-T17,8,1,1,1,2,56.268817535146,43.94298589361557
ID376,10,M1-D10-T17,9,1,1,1,1,56.26510790927786,43.94915265015328
ID294,10,M1-D10-T17,10,1,1,1,2,56.26656997576941,43.93707942700749
ID378,10,M1-D10-T17,11,1,1,1,2,56.25729257681174,43.93593662298757
ID293,10,M1-D10-T17,12,1,1,1,2,56.26085536013896,43.93292933792426
ID440,10,M2-D10-T14,1,2,1,1,2,56.31498991090085,43.89798886279229
ID541,10,M2-D10-T14,2,2,1,1,2,56.315927656296296,43.89751336457228
ID458,10,M2-D10-T14,3,2,1,1,1,56.31846217985571,43.898712298800255
ID441,10,M2-D10-T14,4,2,1,1,2,56.31642509235383,43.89763929572972
ID540,10,M2-D10-T14,5,2,1,1,2,56.31606569681647,43.89550509449434
ID536,10,M2-D10-T14,6,2,1,1,2,56.311606086906274,43.89622082906828
ID537,10,M2-D10-T14,7,2,1,1,2,56.307905900333736,43.90045007139614
ID461,10,M2-D10-T14,8,2,1,1,2,56.30910817067957,43.89864260853712
ID459,10,M2-D10-T14,9,2,1,1,2,56.30878881763363,43.89787299930032
ID538,10,M2-D10-T14,10,2,1,1,2,56.311442702368375,43.90142672523489
ID460,10,M2-D10-T14,11,2,1,1,2,56.31200976113701,43.901595369774576
ID617,10,M2-D10-T14,12,2,1,1,2,56.29855724009085,43.89627769741357
ID486,10,M2-D10-T13,1,2,2,1,2,56.299076805571374,43.8906640822286
ID456,10,M2-D10-T13,2,2,2,1,2,56.323197464303405,43.880072109166285
ID579,10,M2-D10-T13,3,2,2,1,2,56.32212451223453,43.88354544654175
ID463,10,M2-D10-T13,4,2,2,1,2,56.31568900573377,43.88778190535348
ID464,10,M2-D10-T13,5,2,2,1,2,56.31479371772342,43.88613321834091
ID622,10,M2-D10-T13,6,2,2,1,2,56.31344105248966,43.88673107563475
ID462,10,M2-D10-T13,7,2,2,1,2,56.30962553323234,43.88930309984095
ID621,10,M2-D10-T13,8,2,2,1,2,56.31308891310962,43.89118801274832
ID620,10,M2-D10-T13,9,2,2,1,1,56.30869854858859,43.85942858881049
ID618,10,M2-D10-T13,10,2,2,1,2,56.30478181632443,43.86718839805935
ID487,10,M2-D10-T13,11,2,2,1,2,56.30592905242456,43.86920419668207
ID539,10,M2-D10-T13,12,2,2,1,2,56.30660829525312,43.88509504206689
ID60,11,M0-D11-T12,1,0,1,1,2,56.30646110454584,44.018332776462834
ID247,11,M0-D11-T12,2,0,1,1,2,56.31129462391456,44.014701248560144
ID248,11,M0-D11-T12,3,0,1,1,2,56.3099549965692,44.00997271607952
ID139,11,M0-D11-T12,4,0,1,1,2,56.31017928777103,44.00476424167771
ID141,11,M0-D11-T12,5,0,1,1,2,56.30845359479964,44.0109025264863
ID140,11,M0-D11-T12,6,0,1,1,2,56.30592720779559,44.01259526712572
ID50,11,M0-D11-T12,7,0,1,1,2,56.30004245568076,43.99741144155358
ID251,11,M0-D11-T12,8,0,1,1,2,56.29858244875151,43.99333506165431
ID252,11,M0-D11-T12,9,0,1,1,1,56.29559111044222,43.99469867329685
ID254,11,M0-D11-T12,10,0,1,1,1,56.29513128523346,43.99987422207735
ID250,11,M0-D11-T12,11,0,1,1,2,56.30319578958292,43.99161644186295
ID249,11,M0-D11-T12,12,0,1,1,2,56.30711475964927,44.00617090994571
ID167,11,M0-D11-T13,1,0,2,1,2,56.31206626446085,44.01561117939005
ID166,11,M0-D11-T13,2,0,2,1,2,56.31023940070333,44.02157721645023
ID59,11,M0-D11-T13,3,0,2,1,2,56.31283806827887,44.02058990199815
ID173,11,M0-D11-T13,4,0,2,1,2,56.3089300104616,44.027304469167
ID56,11,M0-D11-T13,5,0,2,1,2,56.3087786338627,44.03149422996677
ID174,11,M0-D11-T13,6,0,2,1,2,56.31274315421296,44.03992803111896
ID57,11,M0-D11-T13,7,0,2,1,2,56.31113578200431,44.0384041864367
ID175,11,M0-D11-T13,8,0,2,1,2,56.310925202211614,44.038100773364846
ID71,11,M0-D11-T13,9,0,2,1,2,56.31801533972723,44.03195439503118
ID245,11,M0-D11-T13,10,0,2,1,2,56.31730121372235,44.03522787118592
ID72,11,M0-D11-T13,11,0,2,1,2,56.32024735973427,44.03460529574741
ID246,11,M0-D11-T13,12,0,2,1,2,56.32325563392417,44.03017674036335
ID351,11,M1-D11-T14,1,1,1,1,2,56.26285562404271,43.898092119834686
ID339,11,M1-D11-T14,2,1,1,1,1,56.25879894437028,43.88951261579464
ID352,11,M1-D11-T14,3,1,1,1,1,56.26009872504879,43.88544291276829
ID350,11,M1-D11-T14,4,1,1,1,2,56.262279414914005,43.89681122842311
ID389,11,M1-D11-T14,5,1,1,1,2,56.27028378282191,43.89008470907804
ID342,11,M1-D11-T14,6,1,1,1,2,56.27115447468166,43.89017012045908
ID390,11,M1-D11-T14,7,1,1,1,2,56.273192212774,43.89248689563474
ID343,11,M1-D11-T14,8,1,1,1,2,56.27030245018722,43.89721966059161
ID388,11,M1-D11-T14,9,1,1,1,1,56.26963585820529,43.89967656515376
ID336,11,M1-D11-T14,10,1,1,1,2,56.26173286647592,43.90578196583705
ID338,11,M1-D11-T14,11,1,1,1,2,56.25707635118715,43.89910894761912
ID337,11,M1-D11-T14,12,1,1,1,2,56.25827200575235,43.89847518919581
ID349,11,M1-D11-T15,1,1,2,1,2,56.25624523883167,43.90150506502646
ID431,11,M1-D11-T15,2,1,2,1,1,56.24873924691146,43.922329352490735
ID272,11,M1-D11-T15,3,1,2,1,1,56.25015810154089,43.92390088378493
ID283,11,M1-D11-T15,4,1,2,1,2,56.26132404455859,43.92163344125717
ID386,11,M1-D11-T15,5,1,2,1,1,56.26161592296553,43.92178823586716
ID387,11,M1-D11-T15,6,1,2,1,1,56.264020517356784,43.91952078369834
ID385,11,M1-D11-T15,7,1,2,1,2,56.261771449986064,43.91534375267658
ID335,11,M1-D11-T15,8,1,2,1,1,56.2601949529612,43.91057906967361
ID334,11,M1-D11-T15,9,1,2,1,2,56.2597973218662,43.91012459602735
ID284,11,M1-D11-T15,10,1,2,1,1,56.256834393123874,43.91342292026935
ID432,11,M1-D11-T15,11,1,2,1,2,56.258334504042494,43.91605678729983
ID421,11,M1-D11-T15,12,1,2,1,1,56.25648229177595,43.91005634497122
ID472,11,M2-D11-T17,1,2,1,1,2,56.31799780315407,43.95017952390028
ID533,11,M2-D11-T17,2,2,1,1,2,56.31633867461665,43.95482965910041
ID471,11,M2-D11-T17,3,2,1,1,2,56.31736067553575,43.9490197017442
ID534,11,M2-D11-T17,4,2,1,1,2,56.31747435362978,43.94521136754621
ID457,11,M2-D11-T17,5,2,1,1,2,56.31652199520433,43.92609321194004
ID544,11,M2-D11-T17,6,2,1,1,2,56.31727011457803,43.92689593856258
ID444,11,M2-D11-T17,7,2,1,1,2,56.3180645943479,43.92377888618074
ID443,11,M2-D11-T17,8,2,1,1,2,56.31668971569624,43.920027799737845
ID542,11,M2-D11-T17,9,2,1,1,2,56.31928086911113,43.917496846374526
ID543,11,M2-D11-T17,10,2,1,1,2,56.32128525991788,43.91733838250226
ID442,11,M2-D11-T17,11,2,1,1,2,56.31596889135078,43.91489333621413
ID568,11,M2-D11-T17,12,2,1,1,2,56.31987899842998,43.93210802276611
ID470,11,M2-D11-T16,1,2,2,1,2,56.30153315809788,43.92596064749437
ID535,11,M2-D11-T16,2,2,2,1,2,56.29978740319686,43.93013083068452
ID614,11,M2-D11-T16,3,2,2,1,2,56.299214008095866,43.92698389342967
ID468,11,M2-D11-T16,4,2,2,1,2,56.30136414953304,43.92317304705445
ID469,11,M2-D11-T16,5,2,2,1,2,56.29831063381472,43.92335602757876
ID467,11,M2-D11-T16,6,2,2,1,2,56.2980742861887,43.92441495848645
ID616,11,M2-D11-T16,7,2,2,1,2,56.29729518722427,43.922618210107
ID466,11,M2-D11-T16,8,2,2,1,2,56.295124933022926,43.92475567670439
ID613,11,M2-D11-T16,9,2,2,1,2,56.29539627558136,43.926651960994114
ID615,11,M2-D11-T16,10,2,2,1,2,56.29423998105596,43.9241522803715
ID485,11,M2-D11-T16,11,2,2,1,2,56.29257097309731,43.93622823466374
ID612,11,M2-D11-T16,12,2,2,1,2,56.29144064451487,43.93701083265692
ID195,12,M0-D12-T04,1,0,1,2,2,56.24194407107552,43.5215934670748
ID98,12,M0-D12-T04,2,0,1,2,2,56.24344952419226,43.512914253943066
ID191,12,M0-D12-T04,3,0,1,2,2,56.24459988735594,43.51122610491065
ID102,12,M0-D12-T04,4,0,1,2,2,56.24118791507383,43.50433574306533
ID100,12,M0-D12-T04,5,0,1,2,2,56.24034850927207,43.50461305929216
ID157,12,M0-D12-T04,6,0,1,2,2,56.23997934916671,43.50589051186411
ID193,12,M0-D12-T04,7,0,1,2,2,56.24453627290068,43.50448482860536
ID192,12,M0-D12-T04,8,0,1,2,2,56.24446082434155,43.49854004575904
ID99,12,M0-D12-T04,9,0,1,2,2,56.24151847218733,43.49690761660904
ID101,12,M0-D12-T04,10,0,1,2,2,56.24454959129702,43.49051409244215
ID156,12,M0-D12-T04,11,0,1,2,2,56.24946345111653,43.49433779185123
ID384,12,M1-D12-T19,1,1,1,2,2,56.29926210861554,44.0221634179781
ID259,12,M1-D12-T19,2,1,1,2,2,56.30631706458934,44.02102119318577
ID347,12,M1-D12-T19,3,1,1,2,2,56.299826465010966,43.95063383940531
ID297,12,M1-D12-T19,4,1,1,2,2,56.30079903564073,43.95119918048395
ID348,12,M1-D12-T19,5,1,1,2,2,56.30111923379424,43.95147878983622
ID397,12,M1-D12-T19,6,1,1,2,2,56.29630315802382,43.949675540955866
ID270,12,M1-D12-T19,7,1,1,2,2,56.29472942708435,43.95177008398834
ID269,12,M1-D12-T19,8,1,1,2,2,56.29324728247546,43.95443889746035
ID268,12,M1-D12-T19,9,1,1,2,2,56.2866843537488,43.96066719216095
ID399,12,M1-D12-T19,10,1,1,2,2,56.28204445498159,43.95302854965898
ID398,12,M1-D12-T19,11,1,1,2,2,56.28347292098022,43.95455682071499
ID267,12,M1-D12-T19,12,1,1,2,2,56.2794855831549,43.957673419450856
ID606,12,M2-D12-T04,1,2,1,2,2,56.11241184160043,43.534708915284064
ID509,12,M2-D12-T04,2,2,1,2,2,56.11475740214236,43.53026966014696
ID608,12,M2-D12-T04,3,2,1,2,2,56.10869008321072,43.5101334511826
ID607,12,M2-D12-T04,4,2,1,2,2,56.10513459255443,43.51905887631911
ID493,12,M2-D12-T04,5,2,1,2,2,56.10428272232847,43.51735122742757
ID494,12,M2-D12-T04,6,2,1,2,2,56.10556194595998,43.51248112963457
ID610,12,M2-D12-T04,7,2,1,2,2,56.11327458128344,43.47977040809009
ID496,12,M2-D12-T04,8,2,1,2,2,56.11251982108283,43.48276869264804
ID495,12,M2-D12-T04,9,2,1,2,2,56.103195734418186,43.49084628023591
ID609,12,M2-D12-T04,10,2,1,2,2,56.0958984131992,43.49309861190673
ID231,13,M0-D13-T01,1,0,1,2,2,56.2501923792664,43.41029412239414
ID148,13,M0-D13-T01,2,0,1,2,2,56.24804042468153,43.40897969640582
ID147,13,M0-D13-T01,3,0,1,2,2,56.24713581800831,43.39464320138967
ID230,13,M0-D13-T01,4,0,1,2,2,56.246281630133616,43.40121340507731
ID146,13,M0-D13-T01,5,0,1,2,2,56.23748461297443,43.39445142094976
ID229,13,M0-D13-T01,6,0,1,2,2,56.23446072663637,43.38790825841782
ID228,13,M0-D13-T01,7,0,1,2,2,56.23698582981875,43.41826443271217
ID125,13,M0-D13-T01,8,0,1,2,2,56.237361704824735,43.41644713691846
ID227,13,M0-D13-T01,9,0,1,2,2,56.22789345356208,43.41347261687112
ID126,13,M0-D13-T01,10,0,1,2,2,56.22700534335048,43.41483963745571
ID145,13,M0-D13-T01,11,0,1,2,2,56.21926722863013,43.2175944820124
ID162,13,M0-D13-T01,12,0,1,2,2,56.22572771001899,43.21487243646705
ID318,13,M1-D13-T06,1,1,1,2,2,56.25670095235744,43.85002680321213
ID416,13,M1-D13-T06,2,1,1,2,2,56.25472419321638,43.85252645724941
ID413,13,M1-D13-T06,3,1,1,2,2,56.251091899699226,43.834723137758985
ID412,13,M1-D13-T06,4,1,1,2,2,56.24869347260733,43.82864135001115
ID314,13,M1-D13-T06,5,1,1,2,2,56.2488232033641,43.82508972711385
ID411,13,M1-D13-T06,6,1,1,2,2,56.25044752655315,43.82040029003241
ID315,13,M1-D13-T06,7,1,1,2,2,56.24669099084166,43.83758101022783
ID306,13,M1-D13-T09,1,1,2,2,2,56.26509752294236,43.85338303920796
ID305,13,M1-D13-T09,2,1,2,2,2,56.26498207556229,43.85463346854668
ID418,13,M1-D13-T09,3,1,2,2,2,56.26627689545059,43.85670844052454
ID307,13,M1-D13-T09,4,1,2,2,2,56.26450647611258,43.86124567678081
ID358,13,M1-D13-T09,5,1,2,2,2,56.25882592427467,43.86506138261827
ID417,13,M1-D13-T09,6,1,2,2,2,56.26921381267968,43.86114891272839
ID419,13,M1-D13-T09,7,1,2,2,2,56.26754843107752,43.85704605628617
ID309,13,M1-D13-T09,8,1,2,2,2,56.26756858858005,43.84868580571605
ID391,13,M1-D13-T09,9,1,2,2,2,56.26907615829779,43.84784642129711
ID632,13,M2-D13-T01,1,2,1,2,2,56.00523018782999,43.11407368717421
ID511,13,M2-D13-T01,2,2,1,2,2,56.00677661757645,43.112628936568655
ID512,13,M2-D13-T01,3,2,1,2,2,55.99605425504678,43.110016035463104
ID631,13,M2-D13-T01,4,2,1,2,2,55.99382401744504,43.1100575371407
ID513,13,M2-D13-T01,5,2,1,2,2,55.9857525374951,43.10507394765211
ID630,13,M2-D13-T01,6,2,1,2,2,55.98497811919985,43.10727462255676
ID633,13,M2-D13-T01,7,2,1,2,2,55.96982662704967,43.09670754227041
ID510,13,M2-D13-T01,8,2,1,2,2,55.96911494265795,43.10074797257022
ID515,13,M2-D13-T01,9,2,1,2,2,55.95618362904333,43.05487336058568
ID628,13,M2-D13-T00,1,2,2,2,2,55.95255610784616,43.0564770530442
ID627,13,M2-D13-T00,2,2,2,2,2,55.94650129792982,43.046263180285095
ID516,13,M2-D13-T00,3,2,2,2,2,55.94123911998357,43.04562483240888
ID517,13,M2-D13-T00,4,2,2,2,2,55.936897446669,43.07490555714855
ID626,13,M2-D13-T00,5,2,2,2,2,55.93743147332916,43.07349006205485
ID514,13,M2-D13-T00,6,2,2,2,2,55.94015688371304,43.07157590848105
ID629,13,M2-D13-T00,7,2,2,2,2,55.9428802385322,43.06997608026611
ID518,13,M2-D13-T00,8,2,2,2,2,55.94158338811002,43.09146119440329
ID625,13,M2-D13-T00,9,2,2,2,2,55.94083589224154,43.0946559014626
ID624,13,M2-D13-T00,10,2,2,2,2,55.94449828523901,43.09907853891127
ID520,13,M2-D13-T00,11,2,2,2,2,55.94068187454074,43.10341388851276
ID5,14,M0-D14-T07,1,0,1,1,1,55.3812871333742,43.81145158954393
ID3,14,M0-D14-T07,2,0,1,1,1,55.3747863414702,43.83298324255199
ID1,14,M0-D14-T07,3,0,1,1,1,55.37188354168151,43.8468777470468
ID2,14,M0-D14-T07,4,0,1,1,1,55.35838119059491,43.84506133794914
ID186,14,M0-D14-T17,1,0,2,2,2,56.2007661999716,44.12291325112319
ID184,14,M0-D14-T17,2,0,2,2,2,56.19260774419762,44.12216509543693
ID92,14,M0-D14-T17,3,0,2,2,2,56.18851019103497,44.12252352412147
ID185,14,M0-D14-T17,4,0,2,2,2,56.19050157694655,44.119771254627054
ID90,14,M0-D14-T17,5,0,2,2,2,56.19607932895915,44.12295531019916
ID89,14,M0-D14-T17,6,0,2,2,2,56.21295641229598,44.09928874624665
ID187,14,M0-D14-T17,7,0,2,2,2,56.215175178779006,44.10177941854473
ID86,14,M0-D14-T17,8,0,2,2,2,56.26511796076165,44.09119564664105
ID188,14,M0-D14-T17,9,0,2,2,2,56.25630280903887,44.09642647891029
ID87,14,M0-D14-T17,10,0,2,2,2,56.24936010460922,44.0959120960075
ID209,14,M0-D14-T17,11,0,2,2,2,56.24287386533938,44.01251528298162
ID326,14,M1-D14-T13,1,1,1,2,2,56.28637292388907,43.90058479675001
ID396,14,M1-D14-T13,2,1,1,2,2,56.28571037463513,43.899322271150254
ID345,14,M1-D14-T13,3,1,1,2,2,56.2854298760079,43.89500414633579
ID395,14,M1-D14-T13,4,1,1,2,2,56.28646703692454,43.890841617793306
ID325,14,M1-D14-T13,5,1,1,2,2,56.29045721855783,43.89291298235662
ID327,14,M1-D14-T13,6,1,1,2,2,56.289887196798574,43.88383716515341
ID404,14,M1-D14-T13,7,1,1,2,2,56.286537353809045,43.88128225926667
ID344,14,M1-D14-T13,8,1,1,2,2,56.28199561245896,43.892782560281546
ID405,14,M1-D14-T08,1,1,2,2,2,56.29606577978414,43.86989795445787
ID406,14,M1-D14-T08,2,1,2,2,2,56.296005507387605,43.85615887394909
ID330,14,M1-D14-T08,3,1,2,2,2,56.299483814120265,43.85504497007648
ID329,14,M1-D14-T08,4,1,2,2,2,56.30097984816908,43.87346987111543
ID407,14,M1-D14-T08,5,1,2,2,2,56.34147343726119,43.80731009296344
ID333,14,M1-D14-T08,6,1,2,2,2,56.346381747785664,43.80845148779123
ID144,15,M0-D15-T00,1,0,1,2,2,56.22646670477133,43.18439120333012
ID163,15,M0-D15-T00,2,0,1,2,2,56.2249099413489,43.18145376930696
ID143,15,M0-D15-T00,3,0,1,2,2,56.20152985013721,42.70811765758262
ID165,15,M0-D15-T00,4,0,1,2,2,56.20299104015464,42.70654860284195
ID142,15,M0-D15-T00,5,0,1,2,2,56.20491749680045,42.67393174815616
ID164,15,M0-D15-T00,6,0,1,2,2,56.202938251824754,42.67475307658381
ID4,15,M0-D15-T05,1,0,2,1,1,55.42343035112666,43.81319018376781
ID346,15,M1-D15-T16,1,1,1,2,2,56.318356226250295,43.9452745086667
ID296,15,M1-D15-T16,2,1,1,2,2,56.31537744837569,43.945070288410655
ID371,15,M1-D15-T16,3,1,1,2,2,56.28176793797601,43.92351847194736
ID400,15,M1-D15-T16,4,1,1,2,2,56.28842744250349,43.901491091005646
ID401,15,M1-D15-T16,5,1,1,2,2,56.28983529114801,43.89901788421861
ID324,15,M1-D15-T16,6,1,1,2,2,56.29112315326828,43.89379471585608
ID402,15,M1-D15-T16,7,1,1,2,2,56.29438929516095,43.89182319493696
ID450,15,M2-D15-T05,1,2,1,2,2,56.53176214287023,43.53995656329048
ID550,15,M2-D15-T05,2,2,1,2,2,56.53837480957932,43.53839329886376
ID549,15,M2-D15-T03,1,2,2,2,2,56.63944275072793,43.39706548702315
ID449,15,M2-D15-T03,2,2,2,2,2,56.64169947655544,43.404240716910856
ID154,16,M0-D16-T02,1,0,1,2,2,56.26028343682171,43.458245363812814
ID123,16,M0-D16-T02,2,0,1,2,2,56.25640557030996,43.454639614343385
ID151,16,M0-D16-T02,3,0,1,2,2,56.24889995316328,43.43379039321995
ID152,16,M0-D16-T02,4,0,1,2,2,56.2522660524228,43.43284064796582
ID236,16,M0-D16-T02,5,0,1,2,2,56.25453424686702,43.43008502148657
ID232,16,M0-D16-T02,6,0,1,2,2,56.25191249475171,43.41933740034463
ID149,16,M0-D16-T02,7,0,1,2,2,56.24731639896362,43.42028053148482
ID124,16,M0-D16-T02,8,0,1,2,2,56.24727835909675,43.42134963180944
ID233,16,M0-D16-T02,9,0,1,2,2,56.247049825206325,43.42551662169221
ID234,16,M0-D16-T02,10,0,1,2,2,56.25019899241303,43.424867894518535
ID150,16,M0-D16-T02,11,0,1,2,2,56.24940343854283,43.42601170157873
ID235,16,M0-D16-T03,1,0,2,2,2,56.246955307060425,43.43396433090513
ID237,16,M0-D16-T03,2,0,2,2,2,56.25311312962311,43.45563599169657
ID153,16,M0-D16-T03,3,0,2,2,2,56.25306916901396,43.453250520779605
ID161,16,M0-D16-T03,4,0,2,2,2,56.22770198647024,43.44206456510799
ID160,16,M0-D16-T03,5,0,2,2,2,56.22917518088077,43.44240840210755
ID129,16,M0-D16-T03,6,0,2,2,2,56.23164016770855,43.45664477226579
ID159,16,M0-D16-T03,7,0,2,2,2,56.23090527364302,43.46046211582711
ID158,16,M0-D16-T03,8,0,2,2,2,56.22595303718157,43.45500822650388
ID130,16,M0-D16-T03,9,0,2,2,2,56.225618221549695,43.453768233936565
ID127,16,M0-D16-T03,10,0,2,2,2,56.22507802549199,43.44078658026342
ID128,16,M0-D16-T03,11,0,2,2,2,56.22543767958059,43.43992877775604
ID321,16,M1-D16-T11,1,1,1,2,2,56.26041388441287,43.87887923753963
ID303,16,M1-D16-T11,2,1,1,2,2,56.25345369838799,43.87706018462829
ID320,16,M1-D16-T11,3,1,1,2,2,56.258518676936255,43.87332291877416
ID353,16,M1-D16-T11,4,1,1,2,2,56.26100029561338,43.87324093644895
ID356,16,M1-D16-T11,5,1,1,2,2,56.259355549565,43.86861814475926
ID319,16,M1-D16-T11,6,1,1,2,2,56.25751340576617,43.87060712970767
ID341,16,M1-D16-T11,7,1,1,2,2,56.25728476592765,43.87072307250156
ID357,16,M1-D16-T11,8,1,1,2,2,56.25625999800639,43.86762129129609
ID304,16,M1-D16-T11,9,1,1,2,2,56.25615311267627,43.86400822478184
ID355,16,M1-D16-T10,1,1,2,2,2,56.25263562919026,43.8714809268944
ID360,16,M1-D16-T10,2,1,2,2,2,56.244386648316926,43.86738972566985
ID422,16,M1-D16-T10,3,1,2,2,2,56.24517813403813,43.869655593012986
ID310,16,M1-D16-T10,4,1,2,2,2,56.24159348031626,43.86789339847467
ID298,16,M1-D16-T10,5,1,2,2,2,56.24440786333858,43.87306284536847
ID423,16,M1-D16-T10,6,1,2,2,2,56.24487613219248,43.87287956561731
ID311,16,M1-D16-T10,7,1,2,2,2,56.24466016498619,43.87373098139442
ID359,16,M1-D16-T10,8,1,2,2,2,56.25065986270713,43.87783991590726
ID546,16,M2-D16-T06,1,2,1,2,2,56.41751485855256,43.647824255206125
ID453,16,M2-D16-T06,2,2,1,2,2,56.42068970916382,43.644529985733904
ID547,16,M2-D16-T06,3,2,1,2,2,56.42083112172997,43.63541809764047
ID452,16,M2-D16-T06,4,2,1,2,2,56.416669111021946,43.6365274686286
ID447,16,M2-D16-T06,5,2,1,2,2,56.4905230958516,43.59826869003599
ID548,16,M2-D16-T06,6,2,1,2,2,56.49563734625439,43.59434649174717
ID551,16,M2-D16-T06,7,2,1,2,2,56.49281778060656,43.61285027851453
ID451,16,M2-D16-T06,8,2,1,2,2,56.4928037255994,43.61592946468394
ID553,16,M2-D16-T07,1,2,2,2,2,56.39562097864861,43.70323021016143
ID525,16,M2-D16-T07,2,2,2,2,2,56.39937897961171,43.70839697707233
ID554,16,M2-D16-T07,3,2,2,2,2,56.409229986926086,43.706774346335806
ID526,16,M2-D16-T07,4,2,2,2,2,56.4091389753451,43.704160286188056
ID555,16,M2-D16-T07,5,2,2,2,2,56.38821631756318,43.75494524124564
ID527,16,M2-D16-T07,6,2,2,2,2,56.393815155527335,43.756454318817305
ID454,16,M2-D16-T07,7,2,2,2,2,56.3811059075389,43.78526488070986
ID577,16,M2-D16-T07,8,2,2,2,2,56.38109450232248,43.78586136139161
ID455,16,M2-D16-T07,9,2,2,2,2,56.38570025614517,43.78461637835942
ID576,16,M2-D16-T07,10,2,2,2,2,56.38588191417029,43.78399793138744
ID476,16,M2-D16-T07,11,2,2,2,2,56.36541657103191,43.785892545864186
ID91,17,M0-D17-T19,1,0,1,2,2,56.18918256869496,44.12441453609866
ID111,17,M0-D17-T19,2,0,1,2,2,56.15629128250068,44.19994751994393
ID112,17,M0-D17-T19,3,0,1,2,2,56.156899070435074,44.20517948951609
ID110,17,M0-D17-T19,4,0,1,2,2,56.158686221521336,44.20603792604238
ID183,17,M0-D17-T19,5,0,1,2,2,56.15858056516549,44.20751614598864
ID224,17,M0-D17-T19,6,0,1,2,2,56.15824902280991,44.20424116224611
ID223,17,M0-D17-T19,7,0,1,2,2,56.15436137038188,44.20274614859228
ID222,17,M0-D17-T19,8,0,1,2,2,56.14570776814724,44.21753733357225
ID113,17,M0-D17-T19,9,0,1,2,2,56.14572991984111,44.22096423488853
ID218,17,M0-D17-T19,10,0,1,2,2,56.14020168391199,44.1958453106506
ID220,17,M0-D17-T19,11,0,1,2,2,56.13982267539686,44.195323783745486
ID216,17,M0-D17-T18,1,0,2,2,2,56.138047248095226,44.19678457310791
ID115,17,M0-D17-T18,2,0,2,2,2,56.136439807331286,44.19872775356996
ID118,17,M0-D17-T18,3,0,2,2,2,56.13736066046265,44.196681219556986
ID219,17,M0-D17-T18,4,0,2,2,2,56.13833080176512,44.192070072807255
ID119,17,M0-D17-T18,5,0,2,2,2,56.13163053728663,44.19261222027737
ID221,17,M0-D17-T18,6,0,2,2,2,56.12944983862044,44.19523885162727
ID114,17,M0-D17-T18,7,0,2,2,2,56.13104208657535,44.19344467944899
ID116,17,M0-D17-T18,8,0,2,2,2,56.132578785005535,44.19592624515845
ID117,17,M0-D17-T18,9,0,2,2,2,56.13428968829,44.200347481455736
ID217,17,M0-D17-T18,10,0,2,2,2,56.13469247899088,44.201565367838334
ID37,17,M1-D17-T04,1,1,1,1,1,55.427609151426935,42.49939828980064
ID36,17,M1-D17-T04,2,1,1,1,1,55.43537250757257,42.52316343128228
ID426,17,M1-D17-T12,1,1,2,2,2,56.23227914085359,43.87707548210688
ID287,17,M1-D17-T12,2,1,2,2,2,56.22973025002562,43.87947362950832
ID430,17,M1-D17-T12,3,1,2,2,2,56.23939048655462,43.89000049947983
ID290,17,M1-D17-T12,4,1,2,2,2,56.23837426197,43.895168071001656
ID583,17,M2-D17-T12,1,2,1,2,2,56.343872188166806,43.88905294133682
ID439,17,M2-D17-T12,2,2,1,2,2,56.35692699262933,43.88122877364805
ID438,17,M2-D17-T12,3,2,1,2,2,56.355471359053496,43.880604300866615
ID586,17,M2-D17-T12,4,2,1,2,2,56.3525984798156,43.8773298238404
ID587,17,M2-D17-T12,5,2,1,2,2,56.35168275868449,43.87567300586763
ID589,17,M2-D17-T12,6,2,1,2,2,56.356373331936986,43.871878011172726
ID531,17,M2-D17-T12,7,2,1,2,2,56.35597037658407,43.868471554887925
ID523,17,M2-D17-T12,8,2,1,2,2,56.360409179226494,43.87132565977144
ID569,17,M2-D17-T12,9,2,1,2,2,56.360405212164125,43.86951123739558
ID434,17,M2-D17-T12,10,2,1,2,2,56.34815326660145,43.88548196080664
ID437,17,M2-D17-T15,1,2,2,2,2,56.34880991321234,43.903631829109
ID584,17,M2-D17-T15,2,2,2,2,2,56.34599713045732,43.90346593523429
ID436,17,M2-D17-T15,3,2,2,2,2,56.344183126420376,43.89078951793397
ID580,17,M2-D17-T15,4,2,2,2,2,56.33187182094821,43.92551168947613
ID521,17,M2-D17-T15,5,2,2,2,2,56.33208253961374,43.930882989608136
ID591,17,M2-D17-T15,6,2,2,2,2,56.34473380676616,43.91737640604992
ID433,17,M2-D17-T15,7,2,2,2,2,56.34614206423328,43.92010389321781
ID497,17,M2-D17-T15,8,2,2,2,2,56.34663324126894,43.92054021646418
ID590,17,M2-D17-T15,9,2,2,2,2,56.34636454504447,43.92140961475801
ID76,18,M0-D18-T11,1,0,1,2,2,56.244868585656576,43.99595531977031
ID211,18,M0-D18-T11,2,0,1,2,2,56.24292105889903,43.99483310284504
ID212,18,M0-D18-T11,3,0,1,2,2,56.24270462452943,43.992707364454986
ID75,18,M0-D18-T11,4,0,1,2,2,56.24462589529493,43.98753228059647
ID82,18,M0-D18-T11,5,0,1,2,2,56.245837389405246,43.98102680390521
ID180,18,M0-D18-T11,6,0,1,2,2,56.24394706277837,43.97907357357839
ID80,18,M0-D18-T11,7,0,1,2,2,56.236934931991584,43.98787973638756
ID78,18,M0-D18-T11,8,0,1,2,2,56.2384920805448,43.99496704400958
ID210,18,M0-D18-T11,9,0,1,2,2,56.2416602808957,43.98917600824582
ID79,18,M0-D18-T11,10,0,1,2,2,56.2415388606825,44.01006177487358
ID208,18,M0-D18-T11,11,0,1,2,2,56.24047021823604,43.99942714897963
ID181,18,M0-D18-T08,1,0,2,2,2,56.24602631210353,43.976569177990086
ID108,18,M0-D18-T08,2,0,2,2,2,56.244912317377526,43.96447854154139
ID201,18,M0-D18-T08,3,0,2,2,2,56.24261680168585,43.96408793477344
ID207,18,M0-D18-T08,4,0,2,2,2,56.24275402293974,43.96473242076891
ID202,18,M0-D18-T08,5,0,2,2,2,56.23927474858584,43.96902200228547
ID93,18,M0-D18-T08,6,0,2,2,2,56.23365089699587,43.96610281912616
ID196,18,M0-D18-T08,7,0,2,2,2,56.24623399721803,43.96069642880652
ID104,18,M0-D18-T08,8,0,2,2,2,56.24982966695252,43.96028314375084
ID105,18,M0-D18-T08,9,0,2,2,2,56.250581882108165,43.959583889353546
ID96,18,M0-D18-T08,10,0,2,2,2,56.24299824690845,43.96528335665007
ID103,18,M0-D18-T08,11,0,2,2,2,56.24374119299798,43.96482700794312
ID107,18,M0-D18-T08,12,0,2,2,2,56.25215945994052,43.95866045145325
ID382,18,M1-D18-T18,1,1,1,2,2,56.23675489165498,43.94837312939843
ID260,18,M1-D18-T18,2,1,1,2,2,56.23401821465436,43.94579493551279
ID261,18,M1-D18-T18,3,1,1,2,2,56.23647034721606,43.93973939593001
ID263,18,M1-D18-T18,4,1,1,2,2,56.23713443073225,43.94086571015015
ID383,18,M1-D18-T18,5,1,1,2,2,56.239598932316575,43.94332660740496
ID381,18,M1-D18-T18,6,1,1,2,2,56.23411935378288,43.94198436104195
ID380,18,M1-D18-T18,7,1,1,2,2,56.253341476117534,43.94200996907728
ID379,18,M1-D18-T18,8,1,1,2,2,56.2514952575296,43.94202490458854
ID292,18,M1-D18-T18,9,1,1,2,2,56.25155577379688,43.94162696016205
ID291,18,M1-D18-T18,10,1,1,2,2,56.25140013517945,43.94316494802851
ID530,18,M2-D18-T10,1,2,1,2,2,56.360025897118106,43.85498448887659
ID574,18,M2-D18-T10,2,2,1,2,2,56.360504196377065,43.84029965081679
ID572,18,M2-D18-T10,3,2,1,2,2,56.360154810152935,43.83891154250947
ID446,18,M2-D18-T10,4,2,1,2,2,56.362103354629326,43.84266759751884
ID524,18,M2-D18-T10,5,2,1,2,2,56.36312440424612,43.84311453364421
ID545,18,M2-D18-T10,6,2,1,2,2,56.3700352094783,43.84568706713405
ID529,18,M2-D18-T10,7,2,1,2,2,56.36657862386498,43.8393381608978
ID528,18,M2-D18-T10,8,2,1,2,2,56.37215354178904,43.82731732820286
ID575,18,M2-D18-T10,9,2,1,2,2,56.3709410566756,43.82248524314524
ID477,18,M2-D18-T08,1,2,2,2,2,56.36310732678875,43.797347063024056
ID560,18,M2-D18-T08,2,2,2,2,2,56.36396579610545,43.78594148203294
ID475,18,M2-D18-T08,3,2,2,2,2,56.35834003865179,43.80693992312087
ID561,18,M2-D18-T08,4,2,2,2,2,56.35779427007771,43.806238299497366
ID559,18,M2-D18-T08,5,2,2,2,2,56.358452050709474,43.79624341617927
ID563,18,M2-D18-T08,6,2,2,2,2,56.35353025631952,43.80167348232822
ID479,18,M2-D18-T08,7,2,2,2,2,56.34691465763567,43.80583751638937
ID562,18,M2-D18-T08,8,2,2,2,2,56.34779818962854,43.8048316174247
ID480,18,M2-D18-T08,9,2,2,2,2,56.34788484628215,43.80167033346495
ID474,18,M2-D18-T08,10,2,2,2,2,56.35252507220684,43.8178097843852
ID558,18,M2-D18-T08,11,2,2,2,2,56.35117992520815,43.820503248587656
ID58,19,M0-D19-T15,1,0,1,2,2,56.30999916099228,44.04022397312191
ID176,19,M0-D19-T15,2,0,1,2,2,56.31465079597417,44.05543756221199
ID70,19,M0-D19-T15,3,0,1,2,2,56.31124453037473,44.0516261819221
ID177,19,M0-D19-T15,4,0,1,2,2,56.30569610075784,44.06263419253496
ID85,19,M0-D19-T15,5,0,1,2,2,56.30610734595009,44.06052534848765
ID189,19,M0-D19-T15,6,0,1,2,2,56.30408625934168,44.06002451608887
ID67,19,M0-D19-T15,7,0,1,2,2,56.30368748230927,44.060671878790586
ID238,19,M0-D19-T15,8,0,1,2,2,56.30273245954083,44.04949596581684
ID169,19,M0-D19-T16,1,0,2,2,2,56.29116596384266,44.05896675037757
ID63,19,M0-D19-T16,2,0,2,2,2,56.290673289612585,44.067094632127656
ID239,19,M0-D19-T16,3,0,2,2,2,56.2893654650396,44.06591785559318
ID225,19,M0-D19-T16,4,0,2,2,2,56.27862159247429,44.07735238935256
ID242,19,M0-D19-T16,5,0,2,2,2,56.27414616474383,44.08491719825626
ID66,19,M0-D19-T16,6,0,2,2,2,56.27607221880182,44.08121320471789
ID65,19,M0-D19-T16,7,0,2,2,2,56.27183850555888,44.08611319653903
ID64,19,M0-D19-T16,8,0,2,2,2,56.27243066851733,44.08848406941079
ID240,19,M0-D19-T16,9,0,2,2,2,56.27063280879064,44.091599912286505
ID241,19,M0-D19-T16,10,0,2,2,2,56.27060467469556,44.09107147811259
ID109,19,M0-D19-T16,11,0,2,2,2,56.29125213535984,44.10541043965202
ID214,19,M0-D19-T16,12,0,2,2,2,56.29538077135872,44.10937016296923
ID367,19,M1-D19-T05,1,1,1,2,2,56.22201667046795,43.82543379743218
ID277,19,M1-D19-T05,2,1,1,2,2,56.22366691873025,43.815529356398464
ID278,19,M1-D19-T05,3,1,1,2,2,56.21789518585073,43.823787303991054
ID362,19,M1-D19-T05,4,1,1,2,2,56.218045049690815,43.83195976688256
ID274,19,M1-D19-T05,5,1,1,2,2,56.21699076322352,43.83049514124265
ID366,19,M1-D19-T05,6,1,1,2,2,56.21590655005964,43.81619776772602
ID363,19,M1-D19-T05,7,1,1,2,2,56.208621273201096,43.7924598932432
ID275,19,M1-D19-T05,8,1,1,2,2,56.21085688466785,43.790292914978565
ID313,19,M1-D19-T07,1,1,2,2,2,56.24503470441234,43.82358909456292
ID370,19,M1-D19-T07,2,1,2,2,2,56.24066717648812,43.83849073669773
ID281,19,M1-D19-T07,3,1,2,2,2,56.23784668239407,43.840048894384125
ID369,19,M1-D19-T07,4,1,2,2,2,56.2285259842346,43.82732724460517
ID280,19,M1-D19-T07,5,1,2,2,2,56.23173171025674,43.83298776070974
ID279,19,M1-D19-T07,6,1,2,2,2,56.22935521202378,43.84367040142329
ID368,19,M1-D19-T07,7,1,2,2,2,56.22707763061083,43.840686128357135
ID361,19,M1-D19-T07,8,1,2,2,2,56.22266072174938,43.8452687147505
ID273,19,M1-D19-T07,9,1,2,2,2,56.2182851036812,43.84747396882795
ID502,19,M2-D19-T19,1,2,1,2,2,56.362455818627865,44.08015206542426
ID600,19,M2-D19-T19,2,2,1,2,2,56.36488774696921,44.11738034572197
ID507,19,M2-D19-T19,3,2,1,2,2,56.36519692188161,44.113883957445175
ID599,19,M2-D19-T19,4,2,1,2,2,56.361565000892334,44.08808009201864
ID596,19,M2-D19-T19,5,2,1,2,2,56.359192623791664,44.08313415057015
ID597,19,M2-D19-T19,6,2,1,2,2,56.35178091068018,44.08731513593583
ID506,19,M2-D19-T19,7,2,1,2,2,56.35593152053329,44.08862120226211
ID504,19,M2-D19-T19,8,2,1,2,2,56.34684788503567,44.089224134991085
ID598,19,M2-D19-T19,9,2,1,2,2,56.33517663539996,44.130257654324666
ID505,19,M2-D19-T19,10,2,1,2,2,56.33131918229858,44.12536292273242
ID595,19,M2-D19-T18,1,2,2,2,2,56.36211492888504,44.06964161989638
ID501,19,M2-D19-T18,2,2,2,2,2,56.36548471752709,44.07217870201037
ID499,19,M2-D19-T18,3,2,2,2,2,56.37086141133481,44.06319033760022
ID593,19,M2-D19-T18,4,2,2,2,2,56.373803763444926,44.066654484050936
ID500,19,M2-D19-T18,5,2,2,2,2,56.37275171228651,44.071254262323286
ID594,19,M2-D19-T18,6,2,2,2,2,56.374789111691086,44.072176432361765
ID508,19,M2-D19-T18,7,2,2,2,2,56.37569370649222,44.06746531110991
ID601,19,M2-D19-T18,8,2,2,2,2,56.37799681559297,44.0675791973208
ID592,19,M2-D19-T18,9,2,2,2,2,56.37585657695692,44.05780924890727
ID498,19,M2-D19-T18,10,2,2,2,2,56.37556029806982,44.058409759965805
ID465,19,M2-D19-T18,11,2,2,2,2,56.31816907594446,44.03046302124586
ID623,19,M2-D19-T18,12,2,2,2,2,56.31236172221288,44.03019014008473
ID61,20,M0-D20-T14,1,0,1,2,2,56.30600893946364,44.0239619427136
ID172,20,M0-D20-T14,2,0,1,2,2,56.30502115741687,44.02653577183557
ID55,20,M0-D20-T14,3,0,1,2,2,56.29998959121092,44.03485641651813
ID170,20,M0-D20-T14,4,0,1,2,2,56.29537577899149,44.02907609160557
ID53,20,M0-D20-T14,5,0,1,2,2,56.29002442187375,44.012406714645685
ID171,20,M0-D20-T14,6,0,1,2,2,56.290408594072645,44.0143074816523
ID54,20,M0-D20-T14,7,0,1,2,2,56.29190060338504,44.026259392778535
ID168,20,M0-D20-T14,8,0,1,2,2,56.29558372010688,44.03263935155867
ID62,20,M0-D20-T14,9,0,1,2,2,56.298976587334856,44.04985276479101
ID73,20,M0-D20-T14,10,0,1,2,2,56.2940677477067,44.05489628989046
ID74,20,M0-D20-T14,11,0,1,2,2,56.27813843693768,44.03944616978645
ID213,20,M0-D20-T14,12,0,1,2,2,56.27495016233023,44.03785414450493
ID83,20,M0-D20-T10,1,0,2,2,2,56.2564573900092,43.98307729166574
ID178,20,M0-D20-T10,2,0,2,2,2,56.25759350852877,43.98185257472288
ID84,20,M0-D20-T10,3,0,2,2,2,56.25716855773256,43.97369465206359
ID179,20,M0-D20-T10,4,0,2,2,2,56.254048754110286,43.973819352136026
ID198,20,M0-D20-T10,5,0,2,2,2,56.25311754380134,43.96330370942103
ID200,20,M0-D20-T10,6,0,2,2,2,56.25480606680025,43.959888566044775
ID106,20,M0-D20-T10,7,0,2,2,2,56.25196385357916,43.96010578077879
ID81,20,M0-D20-T10,8,0,2,2,2,56.25088280940134,43.98028766668675
ID255,20,M0-D20-T10,9,0,2,2,2,56.28808811946155,43.994957451318
ID256,20,M0-D20-T10,10,0,2,2,2,56.28412610913272,43.99792886655224
ID51,20,M0-D20-T10,11,0,2,2,2,56.2856075263264,43.99956119997658
ID52,20,M0-D20-T10,12,0,2,2,2,56.28465326757238,43.999825233775525
ID9,20,M1-D20-T03,1,1,1,1,1,55.55740683858876,42.19501625808679
ID20,20,M1-D20-T03,2,1,1,1,1,55.55330390775581,42.20486959243998
ID21,20,M1-D20-T03,3,1,1,1,1,55.54331798668023,42.21141188916784
ID31,20,M1-D20-T03,4,1,1,1,1,55.54174673093421,42.205918756201285
ID23,20,M1-D20-T00,1,1,2,1,1,55.60171189098552,42.03775510459538
ID18,20,M1-D20-T00,2,1,2,1,1,55.58989575195984,42.00295403913669
ID10,20,M1-D20-T00,3,1,2,1,1,55.57798722630916,42.03376414964232
ID22,20,M1-D20-T00,4,1,2,1,1,55.56777405475825,42.04072710227639
ID34,20,M1-D20-T00,5,1,2,1,1,55.56396186603505,42.03939155082257
ID33,20,M1-D20-T00,6,1,2,1,1,55.56332895905705,42.037736151570506
ID32,20,M1-D20-T00,7,1,2,1,1,55.56534590604467,42.06375597294895
ID7,20,M1-D20-T00,8,1,2,1,1,55.54820044485041,42.064568361241726
ID15,20,M1-D20-T00,9,1,2,1,1,55.54830808968011,42.04996618435897
ID27,20,M1-D20-T00,10,1,2,1,1,55.55519276693999,42.00113339469259
ID24,20,M1-D20-T00,11,1,2,1,1,55.55305140276421,41.99645552679503
ID582,20,M2-D20-T11,1,2,1,2,2,56.34260443458897,43.8860802102411
ID556,20,M2-D20-T11,2,2,1,2,2,56.34461664923259,43.866914737808976
ID532,20,M2-D20-T11,3,2,1,2,2,56.350529380441095,43.864204638943306
ID445,20,M2-D20-T11,4,2,1,2,2,56.3551708007026,43.8597813305431
ID571,20,M2-D20-T11,5,2,1,2,2,56.35644243312824,43.85070613411087
ID570,20,M2-D20-T11,6,2,1,2,2,56.35376382596937,43.86170584346696
ID484,20,M2-D20-T11,7,2,1,2,2,56.3303380961395,43.84588119531563
ID482,20,M2-D20-T11,8,2,1,2,2,56.32799742204136,43.84228021646029
ID565,20,M2-D20-T11,9,2,1,2,2,56.328805910055486,43.83714456894168
ID564,20,M2-D20-T11,10,2,1,2,2,56.33477950698067,43.82512971633172
ID481,20,M2-D20-T09,1,2,2,2,2,56.3311547038767,43.8259831332425
ID566,20,M2-D20-T09,2,2,2,2,2,56.324574581454286,43.84115802510237
ID490,20,M2-D20-T09,3,2,2,2,2,56.310638865611445,43.82654633870927
ID603,20,M2-D20-T09,4,2,2,2,2,56.31240155349213,43.82377542258193
ID491,20,M2-D20-T09,5,2,2,2,2,56.31328484776407,43.81878892914795
ID604,20,M2-D20-T09,6,2,2,2,2,56.31328471412815,43.8179446866737
ID602,20,M2-D20-T09,7,2,2,2,2,56.31014260519791,43.82156963550777
ID489,20,M2-D20-T09,8,2,2,2,2,56.30307325817989,43.82372092392656
ID492,20,M2-D20-T09,9,2,2,2,2,56.30903262189805,43.80037633798872
ID605,20,M2-D20-T09,10,2,2,2,2,56.3092163515959,43.80262632740633
ID488,20,M2-D20-T09,11,2,2,2,2,56.2966959910334,43.8474877372335
ID619,20,M2-D20-T09,12,2,2,2,2,56.29561598279048,43.84713948441282
ID197,21,M0-D21-T06,1,0,1,2,2,56.248946723585085,43.95850892481501
ID199,21,M0-D21-T06,2,0,1,2,2,56.2480637417058,43.95657305866511
ID95,21,M0-D21-T06,3,0,1,2,2,56.228289669337165,43.94044269409792
ID203,21,M0-D21-T06,4,0,1,2,2,56.22723160423511,43.951143633639234
ID94,21,M0-D21-T06,5,0,1,2,2,56.22510426567484,43.95092027120759
ID206,21,M0-D21-T06,6,0,1,2,2,56.22276495126832,43.94173006495657
ID204,21,M0-D21-T06,7,0,1,2,2,56.20490182177274,43.87985891461944
ID97,21,M0-D21-T06,8,0,1,2,2,56.20285705047222,43.88030266668006
ID131,21,M0-D21-T06,9,0,1,2,2,56.24197980004377,43.52404471965556
ID194,21,M0-D21-T06,10,0,1,2,2,56.24419861396787,43.52323210006809
ID132,21,M0-D21-T06,11,0,1,2,2,56.2401168732311,43.52221026622027
ID190,21,M0-D21-T09,1,0,2,2,2,56.32401908745569,43.95715022949151
ID121,21,M0-D21-T09,2,0,2,2,2,56.322597043547134,43.95185745751769
ID136,21,M0-D21-T09,3,0,2,2,2,56.30664205711498,43.97554321280201
ID257,21,M0-D21-T09,4,0,2,2,2,56.30698023029857,43.97474119364488
ID135,21,M0-D21-T09,5,0,2,2,2,56.30857184849283,43.97720375306976
ID258,21,M0-D21-T09,6,0,2,2,2,56.30751572198665,43.9803435426366
ID49,21,M0-D21-T09,7,0,2,2,2,56.3081804975416,43.99060816753116
ID282,21,M1-D21-T17,1,1,1,2,2,56.2758193331453,43.926241773342895
ID374,21,M1-D21-T17,2,1,1,2,2,56.27392713354773,43.93748342853532
ID373,21,M1-D21-T17,3,1,1,2,2,56.2736089755836,43.94147984714953
ID266,21,M1-D21-T17,4,1,1,2,2,56.27228190269128,43.94437128593528
ID265,21,M1-D21-T17,5,1,1,2,2,56.27215478764281,43.9405942398346
ID294,21,M1-D21-T17,6,1,1,2,2,56.26656997576941,43.93707942700749
ID377,21,M1-D21-T17,7,1,1,2,2,56.268817535146,43.94298589361557
ID378,21,M1-D21-T17,8,1,1,2,2,56.25729257681174,43.93593662298757
ID293,21,M1-D21-T17,9,1,1,2,2,56.26085536013896,43.93292933792426
ID440,21,M2-D21-T14,1,2,1,2,2,56.31498991090085,43.89798886279229
ID441,21,M2-D21-T14,2,2,1,2,2,56.31642509235383,43.89763929572972
ID541,21,M2-D21-T14,3,2,1,2,2,56.315927656296296,43.89751336457228
ID540,21,M2-D21-T14,4,2,1,2,2,56.31606569681647,43.89550509449434
ID536,21,M2-D21-T14,5,2,1,2,2,56.311606086906274,43.89622082906828
ID537,21,M2-D21-T14,6,2,1,2,2,56.307905900333736,43.90045007139614
ID461,21,M2-D21-T14,7,2,1,2,2,56.30910817067957,43.89864260853712
ID459,21,M2-D21-T14,8,2,1,2,2,56.30878881763363,43.89787299930032
ID538,21,M2-D21-T14,9,2,1,2,2,56.311442702368375,43.90142672523489
ID460,21,M2-D21-T14,10,2,1,2,2,56.31200976113701,43.901595369774576
ID617,21,M2-D21-T14,11,2,1,2,2,56.29855724009085,43.89627769741357
ID486,21,M2-D21-T13,1,2,2,2,2,56.299076805571374,43.8906640822286
ID456,21,M2-D21-T13,2,2,2,2,2,56.323197464303405,43.880072109166285
ID579,21,M2-D21-T13,3,2,2,2,2,56.32212451223453,43.88354544654175
ID463,21,M2-D21-T13,4,2,2,2,2,56.31568900573377,43.88778190535348
ID464,21,M2-D21-T13,5,2,2,2,2,56.31479371772342,43.88613321834091
ID622,21,M2-D21-T13,6,2,2,2,2,56.31344105248966,43.88673107563475
ID462,21,M2-D21-T13,7,2,2,2,2,56.30962553323234,43.88930309984095
ID621,21,M2-D21-T13,8,2,2,2,2,56.31308891310962,43.89118801274832
ID487,21,M2-D21-T13,9,2,2,2,2,56.30592905242456,43.86920419668207
ID618,21,M2-D21-T13,10,2,2,2,2,56.30478181632443,43.86718839805935
ID539,21,M2-D21-T13,11,2,2,2,2,56.30660829525312,43.88509504206689
ID60,22,M0-D22-T12,1,0,1,2,2,56.30646110454584,44.018332776462834
ID247,22,M0-D22-T12,2,0,1,2,2,56.31129462391456,44.014701248560144
ID248,22,M0-D22-T12,3,0,1,2,2,56.3099549965692,44.00997271607952
ID139,22,M0-D22-T12,4,0,1,2,2,56.31017928777103,44.00476424167771
ID141,22,M0-D22-T12,5,0,1,2,2,56.30845359479964,44.0109025264863
ID140,22,M0-D22-T12,6,0,1,2,2,56.30592720779559,44.01259526712572
ID50,22,M0-D22-T12,7,0,1,2,2,56.30004245568076,43.99741144155358
ID251,22,M0-D22-T12,8,0,1,2,2,56.29858244875151,43.99333506165431
ID250,22,M0-D22-T12,9,0,1,2,2,56.30319578958292,43.99161644186295
ID249,22,M0-D22-T12,10,0,1,2,2,56.30711475964927,44.00617090994571
ID167,22,M0-D22-T13,1,0,2,2,2,56.31206626446085,44.01561117939005
ID166,22,M0-D22-T13,2,0,2,2,2,56.31023940070333,44.02157721645023
ID59,22,M0-D22-T13,3,0,2,2,2,56.31283806827887,44.02058990199815
ID173,22,M0-D22-T13,4,0,2,2,2,56.3089300104616,44.027304469167
ID56,22,M0-D22-T13,5,0,2,2,2,56.3087786338627,44.03149422996677
ID174,22,M0-D22-T13,6,0,2,2,2,56.31274315421296,44.03992803111896
ID57,22,M0-D22-T13,7,0,2,2,2,56.31113578200431,44.0384041864367
ID175,22,M0-D22-T13,8,0,2,2,2,56.310925202211614,44.038100773364846
ID71,22,M0-D22-T13,9,0,2,2,2,56.31801533972723,44.03195439503118
ID245,22,M0-D22-T13,10,0,2,2,2,56.31730121372235,44.03522787118592
ID72,22,M0-D22-T13,11,0,2,2,2,56.32024735973427,44.03460529574741
ID246,22,M0-D22-T13,12,0,2,2,2,56.32325563392417,44.03017674036335
ID351,22,M1-D22-T14,1,1,1,2,2,56.26285562404271,43.898092119834686
ID350,22,M1-D22-T14,2,1,1,2,2,56.262279414914005,43.89681122842311
ID389,22,M1-D22-T14,3,1,1,2,2,56.27028378282191,43.89008470907804
ID342,22,M1-D22-T14,4,1,1,2,2,56.27115447468166,43.89017012045908
ID390,22,M1-D22-T14,5,1,1,2,2,56.273192212774,43.89248689563474
ID343,22,M1-D22-T14,6,1,1,2,2,56.27030245018722,43.89721966059161
ID336,22,M1-D22-T14,7,1,1,2,2,56.26173286647592,43.90578196583705
ID338,22,M1-D22-T14,8,1,1,2,2,56.25707635118715,43.89910894761912
ID337,22,M1-D22-T14,9,1,1,2,2,56.25827200575235,43.89847518919581
ID349,22,M1-D22-T15,1,1,2,2,2,56.25624523883167,43.90150506502646
ID334,22,M1-D22-T15,2,1,2,2,2,56.2597973218662,43.91012459602735
ID385,22,M1-D22-T15,3,1,2,2,2,56.261771449986064,43.91534375267658
ID283,22,M1-D22-T15,4,1,2,2,2,56.26132404455859,43.92163344125717
ID432,22,M1-D22-T15,5,1,2,2,2,56.258334504042494,43.91605678729983
ID472,22,M2-D22-T17,1,2,1,2,2,56.31799780315407,43.95017952390028
ID533,22,M2-D22-T17,2,2,1,2,2,56.31633867461665,43.95482965910041
ID471,22,M2-D22-T17,3,2,1,2,2,56.31736067553575,43.9490197017442
ID534,22,M2-D22-T17,4,2,1,2,2,56.31747435362978,43.94521136754621
ID457,22,M2-D22-T17,5,2,1,2,2,56.31652199520433,43.92609321194004
ID544,22,M2-D22-T17,6,2,1,2,2,56.31727011457803,43.92689593856258
ID444,22,M2-D22-T17,7,2,1,2,2,56.3180645943479,43.92377888618074
ID443,22,M2-D22-T17,8,2,1,2,2,56.31668971569624,43.920027799737845
ID542,22,M2-D22-T17,9,2,1,2,2,56.31928086911113,43.917496846374526
ID543,22,M2-D22-T17,10,2,1,2,2,56.32128525991788,43.91733838250226
ID442,22,M2-D22-T17,11,2,1,2,2,56.31596889135078,43.91489333621413
ID568,22,M2-D22-T17,12,2,1,2,2,56.31987899842998,43.93210802276611
ID470,22,M2-D22-T16,1,2,2,2,2,56.30153315809788,43.92596064749437
ID535,22,M2-D22-T16,2,2,2,2,2,56.29978740319686,43.93013083068452
ID614,22,M2-D22-T16,3,2,2,2,2,56.299214008095866,43.92698389342967
ID468,22,M2-D22-T16,4,2,2,2,2,56.30136414953304,43.92317304705445
ID469,22,M2-D22-T16,5,2,2,2,2,56.29831063381472,43.92335602757876
ID467,22,M2-D22-T16,6,2,2,2,2,56.2980742861887,43.92441495848645
ID616,22,M2-D22-T16,7,2,2,2,2,56.29729518722427,43.922618210107
ID466,22,M2-D22-T16,8,2,2,2,2,56.295124933022926,43.92475567670439
ID613,22,M2-D22-T16,9,2,2,2,2,56.29539627558136,43.926651960994114
ID615,22,M2-D22-T16,10,2,2,2,2,56.29423998105596,43.9241522803715
ID485,22,M2-D22-T16,11,2,2,2,2,56.29257097309731,43.93622823466374
ID612,22,M2-D22-T16,12,2,2,2,2,56.29144064451487,43.93701083265692
