point_id,manager,territory,first_day
ID142,0,M0-T00,4
ID143,0,M0-T00,4
ID144,0,M0-T00,4
ID163,0,M0-T00,4
ID164,0,M0-T00,4
ID165,0,M0-T00,4
ID125,0,M0-T01,2
ID126,0,M0-T01,2
ID145,0,M0-T01,2
ID146,0,M0-T01,2
ID147,0,M0-T01,2
ID148,0,M0-T01,2
ID162,0,M0-T01,2
ID227,0,M0-T01,2
ID228,0,M0-T01,2
ID229,0,M0-T01,2
ID230,0,M0-T01,2
ID231,0,M0-T01,2
ID123,0,M0-T02,5
ID124,0,M0-T02,5
ID149,0,M0-T02,5
ID150,0,M0-T02,5
ID151,0,M0-T02,5
ID152,0,M0-T02,5
ID154,0,M0-T02,5
ID155,0,M0-T02,5
ID232,0,M0-T02,5
ID233,0,M0-T02,5
ID234,0,M0-T02,5
ID236,0,M0-T02,5
ID127,0,M0-T03,5
ID128,0,M0-T03,5
ID129,0,M0-T03,5
ID130,0,M0-T03,5
ID153,0,M0-T03,5
ID158,0,M0-T03,5
ID159,0,M0-T03,5
ID160,0,M0-T03,5
ID161,0,M0-T03,5
ID226,0,M0-T03,5
ID235,0,M0-T03,5
ID237,0,M0-T03,5
ID98,0,M0-T04,1
ID99,0,M0-T04,1
ID100,0,M0-T04,1
ID101,0,M0-T04,1
ID102,0,M0-T04,1
ID122,0,M0-T04,1
ID156,0,M0-T04,1
ID157,0,M0-T04,1
ID191,0,M0-T04,1
ID192,0,M0-T04,1
ID193,0,M0-T04,1
ID195,0,M0-T04,1
ID4,0,M0-T05,15
ID94,0,M0-T06,10
ID95,0,M0-T06,10
ID97,0,M0-T06,10
ID131,0,M0-T06,10
ID132,0,M0-T06,10
ID194,0,M0-T06,10
ID197,0,M0-T06,10
ID199,0,M0-T06,10
ID203,0,M0-T06,10
ID204,0,M0-T06,10
ID205,0,M0-T06,10
ID206,0,M0-T06,10
ID1,0,M0-T07,14
ID2,0,M0-T07,14
ID3,0,M0-T07,14
ID5,0,M0-T07,14
ID93,0,M0-T08,7
ID96,0,M0-T08,7
ID103,0,M0-T08,7
ID104,0,M0-T08,7
ID105,0,M0-T08,7
ID107,0,M0-T08,7
ID108,0,M0-T08,7
ID181,0,M0-T08,7
ID196,0,M0-T08,7
ID201,0,M0-T08,7
ID202,0,M0-T08,7
ID207,0,M0-T08,7
ID49,0,M0-T09,10
ID121,0,M0-T09,10
ID133,0,M0-T09,10
ID134,0,M0-T09,10
ID135,0,M0-T09,10
ID136,0,M0-T09,10
ID137,0,M0-T09,10
ID138,0,M0-T09,10
ID190,0,M0-T09,10
ID253,0,M0-T09,10
ID257,0,M0-T09,10
ID258,0,M0-T09,10
ID51,0,M0-T10,9
ID52,0,M0-T10,9
ID81,0,M0-T10,9
ID83,0,M0-T10,9
ID84,0,M0-T10,9
ID106,0,M0-T10,9
ID178,0,M0-T10,9
ID179,0,M0-T10,9
ID198,0,M0-T10,9
ID200,0,M0-T10,9
ID255,0,M0-T10,9
ID256,0,M0-T10,9
ID75,0,M0-T11,7
ID76,0,M0-T11,7
ID77,0,M0-T11,7
ID78,0,M0-T11,7
ID79,0,M0-T11,7
ID80,0,M0-T11,7
ID82,0,M0-T11,7
ID180,0,M0-T11,7
ID208,0,M0-T11,7
ID210,0,M0-T11,7
ID211,0,M0-T11,7
ID212,0,M0-T11,7
ID50,0,M0-T12,11
ID60,0,M0-T12,11
ID139,0,M0-T12,11
ID140,0,M0-T12,11
ID141,0,M0-T12,11
ID247,0,M0-T12,11
ID248,0,M0-T12,11
ID249,0,M0-T12,11
ID250,0,M0-T12,11
ID251,0,M0-T12,11
ID252,0,M0-T12,11
ID254,0,M0-T12,11
ID56,0,M0-T13,11
ID57,0,M0-T13,11
ID59,0,M0-T13,11
ID71,0,M0-T13,11
ID72,0,M0-T13,11
ID166,0,M0-T13,11
ID167,0,M0-T13,11
ID173,0,M0-T13,11
ID174,0,M0-T13,11
ID175,0,M0-T13,11
ID245,0,M0-T13,11
ID246,0,M0-T13,11
ID53,0,M0-T14,9
ID54,0,M0-T14,9
ID55,0,M0-T14,9
ID61,0,M0-T14,9
ID62,0,M0-T14,9
ID73,0,M0-T14,9
ID74,0,M0-T14,9
ID168,0,M0-T14,9
ID170,0,M0-T14,9
ID171,0,M0-T14,9
ID172,0,M0-T14,9
ID213,0,M0-T14,9
ID58,0,M0-T15,8
ID67,0,M0-T15,8
ID68,0,M0-T15,8
ID69,0,M0-T15,8
ID70,0,M0-T15,8
ID85,0,M0-T15,8
ID176,0,M0-T15,8
ID177,0,M0-T15,8
ID189,0,M0-T15,8
ID238,0,M0-T15,8
ID243,0,M0-T15,8
ID244,0,M0-T15,8
ID63,0,M0-T16,8
ID64,0,M0-T16,8
ID65,0,M0-T16,8
ID66,0,M0-T16,8
ID109,0,M0-T16,8
ID169,0,M0-T16,8
ID214,0,M0-T16,8
ID225,0,M0-T16,8
ID239,0,M0-T16,8
ID240,0,M0-T16,8
ID241,0,M0-T16,8
ID242,0,M0-T16,8
ID86,0,M0-T17,3
ID87,0,M0-T17,3
ID88,0,M0-T17,3
ID89,0,M0-T17,3
ID90,0,M0-T17,3
ID92,0,M0-T17,3
ID184,0,M0-T17,3
ID185,0,M0-T17,3
ID186,0,M0-T17,3
ID187,0,M0-T17,3
ID188,0,M0-T17,3
ID209,0,M0-T17,3
ID114,0,M0-T18,6
ID115,0,M0-T18,6
ID116,0,M0-T18,6
ID117,0,M0-T18,6
ID118,0,M0-T18,6
ID119,0,M0-T18,6
ID120,0,M0-T18,6
ID215,0,M0-T18,6
ID216,0,M0-T18,6
ID217,0,M0-T18,6
ID219,0,M0-T18,6
ID221,0,M0-T18,6
ID91,0,M0-T19,6
ID110,0,M0-T19,6
ID111,0,M0-T19,6
ID112,0,M0-T19,6
ID113,0,M0-T19,6
ID182,0,M0-T19,6
ID183,0,M0-T19,6
ID218,0,M0-T19,6
ID220,0,M0-T19,6
ID222,0,M0-T19,6
ID223,0,M0-T19,6
ID224,0,M0-T19,6
ID7,1,M1-T00,20
ID10,1,M1-T00,20
ID15,1,M1-T00,20
ID18,1,M1-T00,20
ID22,1,M1-T00,20
ID23,1,M1-T00,20
ID24,1,M1-T00,20
ID27,1,M1-T00,20
ID32,1,M1-T00,20
ID33,1,M1-T00,20
ID34,1,M1-T00,20
ID6,1,M1-T01,9
ID8,1,M1-T01,9
ID13,1,M1-T01,9
ID30,1,M1-T01,9
ID35,1,M1-T01,9
ID11,1,M1-T02,9
ID12,1,M1-T02,9
ID14,1,M1-T02,9
ID16,1,M1-T02,9
ID17,1,M1-T02,9
ID19,1,M1-T02,9
ID25,1,M1-T02,9
ID26,1,M1-T02,9
ID28,1,M1-T02,9
ID29,1,M1-T02,9
ID9,1,M1-T03,20
ID20,1,M1-T03,20
ID21,1,M1-T03,20
ID31,1,M1-T03,20
ID36,1,M1-T04,17
ID37,1,M1-T04,17
ID274,1,M1-T05,8
ID275,1,M1-T05,8
ID276,1,M1-T05,8
ID277,1,M1-T05,8
ID278,1,M1-T05,8
ID362,1,M1-T05,8
ID363,1,M1-T05,8
ID364,1,M1-T05,8
ID365,1,M1-T05,8
ID366,1,M1-T05,8
ID367,1,M1-T05,8
ID314,1,M1-T06,2
ID315,1,M1-T06,2
ID316,1,M1-T06,2
ID317,1,M1-T06,2
ID318,1,M1-T06,2
ID409,1,M1-T06,2
ID411,1,M1-T06,2
ID412,1,M1-T06,2
ID413,1,M1-T06,2
ID414,1,M1-T06,2
ID415,1,M1-T06,2
ID416,1,M1-T06,2
ID273,1,M1-T07,8
ID279,1,M1-T07,8
ID280,1,M1-T07,8
ID281,1,M1-T07,8
ID312,1,M1-T07,8
ID313,1,M1-T07,8
ID361,1,M1-T07,8
ID368,1,M1-T07,8
ID369,1,M1-T07,8
ID370,1,M1-T07,8
ID410,1,M1-T07,8
ID329,1,M1-T08,3
ID330,1,M1-T08,3
ID331,1,M1-T08,3
ID332,1,M1-T08,3
ID333,1,M1-T08,3
ID405,1,M1-T08,3
ID406,1,M1-T08,3
ID407,1,M1-T08,3
ID305,1,M1-T09,2
ID306,1,M1-T09,2
ID307,1,M1-T09,2
ID308,1,M1-T09,2
ID309,1,M1-T09,2
ID358,1,M1-T09,2
ID391,1,M1-T09,2
ID392,1,M1-T09,2
ID417,1,M1-T09,2
ID418,1,M1-T09,2
ID419,1,M1-T09,2
ID420,1,M1-T09,2
ID298,1,M1-T10,5
ID299,1,M1-T10,5
ID300,1,M1-T10,5
ID301,1,M1-T10,5
ID310,1,M1-T10,5
ID311,1,M1-T10,5
ID355,1,M1-T10,5
ID359,1,M1-T10,5
ID360,1,M1-T10,5
ID422,1,M1-T10,5
ID423,1,M1-T10,5
ID424,1,M1-T10,5
ID302,1,M1-T11,5
ID303,1,M1-T11,5
ID304,1,M1-T11,5
ID319,1,M1-T11,5
ID320,1,M1-T11,5
ID321,1,M1-T11,5
ID340,1,M1-T11,5
ID341,1,M1-T11,5
ID353,1,M1-T11,5
ID354,1,M1-T11,5
ID356,1,M1-T11,5
ID357,1,M1-T11,5
ID285,1,M1-T12,6
ID286,1,M1-T12,6
ID287,1,M1-T12,6
ID288,1,M1-T12,6
ID289,1,M1-T12,6
ID290,1,M1-T12,6
ID425,1,M1-T12,6
ID426,1,M1-T12,6
ID427,1,M1-T12,6
ID428,1,M1-T12,6
ID429,1,M1-T12,6
ID430,1,M1-T12,6
ID325,1,M1-T13,3
ID326,1,M1-T13,3
ID327,1,M1-T13,3
ID328,1,M1-T13,3
ID344,1,M1-T13,3
ID345,1,M1-T13,3
ID393,1,M1-T13,3
ID394,1,M1-T13,3
ID395,1,M1-T13,3
ID396,1,M1-T13,3
ID403,1,M1-T13,3
ID404,1,M1-T13,3
ID336,1,M1-T14,11
ID337,1,M1-T14,11
ID338,1,M1-T14,11
ID339,1,M1-T14,11
ID342,1,M1-T14,11
ID343,1,M1-T14,11
ID350,1,M1-T14,11
ID351,1,M1-T14,11
ID352,1,M1-T14,11
ID388,1,M1-T14,11
ID389,1,M1-T14,11
ID390,1,M1-T14,11
ID272,1,M1-T15,11
ID283,1,M1-T15,11
ID284,1,M1-T15,11
ID334,1,M1-T15,11
ID335,1,M1-T15,11
ID349,1,M1-T15,11
ID385,1,M1-T15,11
ID386,1,M1-T15,11
ID387,1,M1-T15,11
ID421,1,M1-T15,11
ID431,1,M1-T15,11
ID432,1,M1-T15,11
ID295,1,M1-T16,4
ID296,1,M1-T16,4
ID322,1,M1-T16,4
ID323,1,M1-T16,4
ID324,1,M1-T16,4
ID346,1,M1-T16,4
ID371,1,M1-T16,4
ID372,1,M1-T16,4
ID400,1,M1-T16,4
ID401,1,M1-T16,4
ID402,1,M1-T16,4
ID408,1,M1-T16,4
ID264,1,M1-T17,10
ID265,1,M1-T17,10
ID266,1,M1-T17,10
ID282,1,M1-T17,10
ID293,1,M1-T17,10
ID294,1,M1-T17,10
ID373,1,M1-T17,10
ID374,1,M1-T17,10
ID375,1,M1-T17,10
ID376,1,M1-T17,10
ID377,1,M1-T17,10
ID378,1,M1-T17,10
ID260,1,M1-T18,7
ID261,1,M1-T18,7
ID262,1,M1-T18,7
ID263,1,M1-T18,7
ID271,1,M1-T18,7
ID291,1,M1-T18,7
ID292,1,M1-T18,7
ID379,1,M1-T18,7
ID380,1,M1-T18,7
ID381,1,M1-T18,7
ID382,1,M1-T18,7
ID383,1,M1-T18,7
ID259,1,M1-T19,1
ID267,1,M1-T19,1
ID268,1,M1-T19,1
ID269,1,M1-T19,1
ID270,1,M1-T19,1
ID297,1,M1-T19,1
ID347,1,M1-T19,1
ID348,1,M1-T19,1
ID384,1,M1-T19,1
ID397,1,M1-T19,1
ID398,1,M1-T19,1
ID399,1,M1-T19,1
ID514,2,M2-T00,2
ID516,2,M2-T00,2
ID517,2,M2-T00,2
ID518,2,M2-T00,2
ID519,2,M2-T00,2
ID520,2,M2-T00,2
ID624,2,M2-T00,2
ID625,2,M2-T00,2
ID626,2,M2-T00,2
ID627,2,M2-T00,2
ID628,2,M2-T00,2
ID629,2,M2-T00,2
ID510,2,M2-T01,2
ID511,2,M2-T01,2
ID512,2,M2-T01,2
ID513,2,M2-T01,2
ID515,2,M2-T01,2
ID630,2,M2-T01,2
ID631,2,M2-T01,2
ID632,2,M2-T01,2
ID633,2,M2-T01,2
ID38,2,M2-T02,3
ID39,2,M2-T02,3
ID40,2,M2-T02,3
ID41,2,M2-T02,3
ID42,2,M2-T02,3
ID43,2,M2-T02,3
ID44,2,M2-T02,3
ID45,2,M2-T02,3
ID46,2,M2-T02,3
ID47,2,M2-T02,3
ID48,2,M2-T02,3
ID449,2,M2-T03,4
ID549,2,M2-T03,4
ID493,2,M2-T04,1
ID494,2,M2-T04,1
ID495,2,M2-T04,1
ID496,2,M2-T04,1
ID509,2,M2-T04,1
ID606,2,M2-T04,1
ID607,2,M2-T04,1
ID608,2,M2-T04,1
ID609,2,M2-T04,1
ID610,2,M2-T04,1
ID611,2,M2-T04,1
ID448,2,M2-T05,4
ID450,2,M2-T05,4
ID550,2,M2-T05,4
ID447,2,M2-T06,5
ID451,2,M2-T06,5
ID452,2,M2-T06,5
ID453,2,M2-T06,5
ID546,2,M2-T06,5
ID547,2,M2-T06,5
ID548,2,M2-T06,5
ID551,2,M2-T06,5
ID552,2,M2-T06,5
ID454,2,M2-T07,5
ID455,2,M2-T07,5
ID476,2,M2-T07,5
ID525,2,M2-T07,5
ID526,2,M2-T07,5
ID527,2,M2-T07,5
ID553,2,M2-T07,5
ID554,2,M2-T07,5
ID555,2,M2-T07,5
ID576,2,M2-T07,5
ID577,2,M2-T07,5
ID578,2,M2-T07,5
ID474,2,M2-T08,7
ID475,2,M2-T08,7
ID477,2,M2-T08,7
ID478,2,M2-T08,7
ID479,2,M2-T08,7
ID480,2,M2-T08,7
ID558,2,M2-T08,7
ID559,2,M2-T08,7
ID560,2,M2-T08,7
ID561,2,M2-T08,7
ID562,2,M2-T08,7
ID563,2,M2-T08,7
ID481,2,M2-T09,9
ID488,2,M2-T09,9
ID489,2,M2-T09,9
ID490,2,M2-T09,9
ID491,2,M2-T09,9
ID492,2,M2-T09,9
ID566,2,M2-T09,9
ID602,2,M2-T09,9
ID603,2,M2-T09,9
ID604,2,M2-T09,9
ID605,2,M2-T09,9
ID619,2,M2-T09,9
ID446,2,M2-T10,7
ID473,2,M2-T10,7
ID524,2,M2-T10,7
ID528,2,M2-T10,7
ID529,2,M2-T10,7
ID530,2,M2-T10,7
ID545,2,M2-T10,7
ID557,2,M2-T10,7
ID572,2,M2-T10,7
ID573,2,M2-T10,7
ID574,2,M2-T10,7
ID575,2,M2-T10,7
ID445,2,M2-T11,9
ID482,2,M2-T11,9
ID483,2,M2-T11,9
ID484,2,M2-T11,9
ID532,2,M2-T11,9
ID556,2,M2-T11,9
ID564,2,M2-T11,9
ID565,2,M2-T11,9
ID567,2,M2-T11,9
ID570,2,M2-T11,9
ID571,2,M2-T11,9
ID582,2,M2-T11,9
ID434,2,M2-T12,6
ID435,2,M2-T12,6
ID438,2,M2-T12,6
ID439,2,M2-T12,6
ID523,2,M2-T12,6
ID531,2,M2-T12,6
ID569,2,M2-T12,6
ID583,2,M2-T12,6
ID586,2,M2-T12,6
ID587,2,M2-T12,6
ID588,2,M2-T12,6
ID589,2,M2-T12,6
ID456,2,M2-T13,10
ID462,2,M2-T13,10
ID463,2,M2-T13,10
ID464,2,M2-T13,10
ID486,2,M2-T13,10
ID487,2,M2-T13,10
ID539,2,M2-T13,10
ID579,2,M2-T13,10
ID618,2,M2-T13,10
ID620,2,M2-T13,10
ID621,2,M2-T13,10
ID622,2,M2-T13,10
ID440,2,M2-T14,10
ID441,2,M2-T14,10
ID458,2,M2-T14,10
ID459,2,M2-T14,10
ID460,2,M2-T14,10
ID461,2,M2-T14,10
ID536,2,M2-T14,10
ID537,2,M2-T14,10
ID538,2,M2-T14,10
ID540,2,M2-T14,10
ID541,2,M2-T14,10
ID617,2,M2-T14,10
ID433,2,M2-T15,6
ID436,2,M2-T15,6
ID437,2,M2-T15,6
ID497,2,M2-T15,6
ID521,2,M2-T15,6
ID522,2,M2-T15,6
ID580,2,M2-T15,6
ID581,2,M2-T15,6
ID584,2,M2-T15,6
ID585,2,M2-T15,6
ID590,2,M2-T15,6
ID591,2,M2-T15,6
ID466,2,M2-T16,11
ID467,2,M2-T16,11
ID468,2,M2-T16,11
ID469,2,M2-T16,11
ID470,2,M2-T16,11
ID485,2,M2-T16,11
ID535,2,M2-T16,11
ID612,2,M2-T16,11
ID613,2,M2-T16,11
ID614,2,M2-T16,11
ID615,2,M2-T16,11
ID616,2,M2-T16,11
ID442,2,M2-T17,11
ID443,2,M2-T17,11
ID444,2,M2-T17,11
ID457,2,M2-T17,11
ID471,2,M2-T17,11
ID472,2,M2-T17,11
ID533,2,M2-T17,11
ID534,2,M2-T17,11
ID542,2,M2-T17,11
ID543,2,M2-T17,11
ID544,2,M2-T17,11
ID568,2,M2-T17,11
ID465,2,M2-T18,8
ID498,2,M2-T18,8
ID499,2,M2-T18,8
ID500,2,M2-T18,8
ID501,2,M2-T18,8
ID508,2,M2-T18,8
ID592,2,M2-T18,8
ID593,2,M2-T18,8
ID594,2,M2-T18,8
ID595,2,M2-T18,8
ID601,2,M2-T18,8
ID623,2,M2-T18,8
ID502,2,M2-T19,8
ID503,2,M2-T19,8
ID504,2,M2-T19,8
ID505,2,M2-T19,8
ID506,2,M2-T19,8
ID507,2,M2-T19,8
ID596,2,M2-T19,8
ID597,2,M2-T19,8
ID598,2,M2-T19,8
ID599,2,M2-T19,8
ID600,2,M2-T19,8
